code;name;category;unit;min_stock;max_stock;current_stock;location;group_id
GEN-00001;Tangga Aluminiun Type Mal 4x7;GENERAL/INVENTORY;UNT;0;1;1;NON AC;
OTH-00001;Antena Ht;LAIN-LAIN;PCS;0;1;6;NON AC;
TST-00001;Avometer;TOOLS - TESTER;PCS;1;2;0;NON AC;
INV-00001;Inverter Ac5355-03e 05a6-4-3404 2.2kw;INVERTER;PCS;1;2;3;NON AC;
WLD-00001;Ballas Bhle 250l 200ts;WELDING;PCS;1;2;2;NON AC;
BAT-00001;Batteray Ht;BATTERY/ACCU;PCS;1;2;8;NON AC;
ELA-00001;Batteray Power Craft Ecl 2/240/4,8v/2,5 Ah;ELECTRICAL ACCESSORIES;PCS;1;2;25;NON AC;
ELP-00001;Box Push Button 6 Lubang;ELECTRICAL BOX/PANEL;PCS;1;2;4;NON AC;
PLT-00001;Buzzer / Pilot Lamp;PILOT LAMP;PCS;2;5;9;NON AC;
BZR-00001;Buzzer 22mm 24v Xb5ks284;BUZZER/SIREN;PCS;1;2;2;NON AC;
BZR-00002;Buzzer+lamp 220vac 22mm;BUZZER/SIREN;PCS;1;2;8;NON AC;
BZR-00003;Buzzer+lamp 24vdc 22mm;BUZZER/SIREN;PCS;1;2;15;NON AC;
BZR-00004;Buzzer Piezo B2pb-b1d;BUZZER/SIREN;PCS;1;2;17;NON AC;
BAT-00002;Battery Fdk Cr17450 3v U/wastafel Penicillin;BATTERY/ACCU;PCS;1;2;2;NON AC;
BAT-00003;Battery Ls 14500 Saft;BATTERY/ACCU;PCS;1;2;1;NON AC;
BAT-00004;Battery Vrla Zaneta 12v 80ah (accu) U/rumah Forklif;BATTERY/ACCU;PCS;1;2;1;NON AC;
SWT-00001;Cam Switch Sa-25-3;SWITCH/SAKLAR;PCS;2;5;3;NON AC;
CAP-00001;Capacitor Kotak 2,5 Mf;CAPACITOR;PCS;2;4;24;NON AC;
CAP-00002;Capacitor Kotak 4,5 Mf;CAPACITOR;PCS;2;4;4;NON AC;
CAP-00003;Capacitor Tabung 100 Mf;CAPACITOR;PCS;2;4;5;NON AC;
CAP-00004;Capacitor Tabung 12 Mf;CAPACITOR;PCS;2;4;1;NON AC;
CAP-00005;Capacitor Tabung 16 Mf;CAPACITOR;PCS;2;4;10;NON AC;
CAP-00006;Capacitor Tabung 25 Mf;CAPACITOR;PCS;2;4;7;NON AC;
CAP-00007;Capacitor Tabung 35 Mf;CAPACITOR;PCS;2;4;14;NON AC;
CAP-00008;Capacitor Tabung 60 Mf;CAPACITOR;PCS;2;4;9;NON AC;
CAP-00009;Capacitor Tabung 8 Mf;CAPACITOR;PCS;2;4;13;NON AC;
CTR-00001;Contactor Lc1d18m7;CONTACTOR;PCS;2;5;6;NON AC;
CTR-00002;Contactor Lc1d38b7;CONTACTOR;PCS;2;5;25;NON AC;
CTR-00003;Contactor Lc1d38m7;CONTACTOR;PCS;2;5;12;NON AC;
CTR-00004;Contactor Lc1d40am7;CONTACTOR;PCS;2;5;2;NON AC;
CTR-00005;Contactor Lc1d50a;CONTACTOR;PCS;2;5;1;NON AC;
PSB-00001;Control Push Botton Bt-2;PUSH BUTTON;PCS;2;5;2;NON AC;
MEC-00001;Controller Pr-1-380 V;MECHANICAL COMPONENT;PCS;1;2;2;NON AC;
CNT-00001;Counter / Timer Fx4y-1 100-240vac;COUNTER;PCS;1;2;1;NON AC;
CNT-00002;Counter H7bx-a 240 V;COUNTER;PCS;1;2;1;NON AC;
CTR-00006;Contactor Lc1d09m7 220vac;CONTACTOR;PCS;2;5;15;NON AC;
CNT-00003;Counter Gf7-p41b;COUNTER;PCS;1;2;1;NON AC;
CLC-00001;Contac Cleaner;CLEANING/CHEMICAL;PCS;1;2;7;NON AC;
CAP-00010;Capacitor Kotak 2 Mf;CAPACITOR;PCS;2;4;10;NON AC;
CAP-00011;Capacitor Tabung 7.5uf;CAPACITOR;PCS;2;4;1;NON AC;
CAP-00012;Capacitor Tabung 45mf;CAPACITOR;PCS;2;4;10;NON AC;
CAP-00013;Capacitor Tabung 40 Mf;CAPACITOR;PCS;2;4;4;NON AC;
CAP-00014;Capacitor Kotak 1.5mf;CAPACITOR;PCS;2;4;4;NON AC;
CTR-00007;Contactor Abb Ax09-30-10 220v;CONTACTOR;PCS;2;5;2;NON AC;
MEC-00002;Controller M221 40/0 Tm221ce40r;MECHANICAL COMPONENT;PCS;1;2;1;NON AC;
CNT-00004;Counter Autonic Fx4m-1p4;COUNTER;PCS;1;2;5;NON AC;
CAP-00015;Capacitor Kotak 5mf;CAPACITOR;PCS;2;4;8;NON AC;
CTB-00001;Contact Block Zb2be 101 Schneider;CONTACT BLOCK;PCS;2;5;5;NON AC;
MEC-00003;Digital Controller/thermocontrol E5cc-rx2asm-800;MECHANICAL COMPONENT;PCS;1;2;13;NON AC;
GGM-00001;Digital Panel Meter K3ma-f 100-240vac;GAUGE/METER;PCS;1;2;2;NON AC;
FLT-00001;Dust Bag (paper Bag) F/gm80 Nilfisk;FILTER;LBR;2;4;60;NON AC;
PIP-00001;Elbow Clipsal 25 Mm;PIPE/FITTING;PCS;2;5;6;NON AC;
FAN-00001;Exhaust Fan 32 Chh Kdk;FAN;PCS;1;2;1;NON AC;
TSL-00001;Element Solder;TOOLS - SOLDERING;PCS;1;3;6;NON AC;
EST-00001;Emergency Stop Sf2er-e2ra2b Autonics;EMERGENCY STOP;PCS;1;2;11;NON AC;
EST-00002;Emergency Stop Sf2er-b3 Autonics;EMERGENCY STOP;PCS;1;2;11;NON AC;
EST-00003;Emergency Stop Guard3 Sf2er-l Autonics;EMERGENCY STOP;PCS;1;2;19;NON AC;
FAN-00002;"Exhaust Fan Dinding Kdk 20""";FAN;UNT;1;2;2;NON AC;
ELA-00002;Flexible 20mm Clipsal;ELECTRICAL ACCESSORIES;MTR;1;2;128;NON AC;
PIP-00002;Fitting Tl Tusuk;PIPE/FITTING;SET;2;5;30;NON AC;
FAN-00003;Fan (cooling Fan) 220vac 15x15;FAN;PCS;1;2;1;NON AC;
FAN-00004;Fan (cooling Fan) 220vac 12x12;FAN;PCS;1;3;34;NON AC;
FAN-00005;Fan (cooling Fan) 6x6 24vdc (0.5a);FAN;PCS;1;2;7;NON AC;
FAN-00006;Fan (cooling Fan) 8x8 24vdc;FAN;PCS;1;2;6;NON AC;
PIP-00003;Fitting Lampu E27;PIPE/FITTING;PCS;2;5;21;NON AC;
ELA-00003;Flexible 25mm Clipsal;ELECTRICAL ACCESSORIES;MTR;1;2;93;NON AC;
FAN-00007;Fan (cooling Fan) 8x8 12vdc (0.15a);FAN;PCS;1;2;12;NON AC;
FAN-00008;Fan (cooling Fan) 5x5 24vdc;FAN;PCS;1;2;10;NON AC;
FAN-00009;"Fan 4"" 220vac Xf1222abh (148x148mm)";FAN;PCS;1;2;2;NON AC;
PIP-00004;Fitting Tl Pendek (putar);PIPE/FITTING;SET;2;5;8;NON AC;
ELA-00004;Getor Busbar Kecil (sm 20);ELECTRICAL ACCESSORIES;PCS;1;2;14;NON AC;
ELA-00005;Gland Kabel Pg 16;ELECTRICAL ACCESSORIES;PCS;1;2;127;NON AC;
ELA-00006;Gland Kabel Pg 21;ELECTRICAL ACCESSORIES;PCS;1;2;40;NON AC;
ELA-00007;Gland Kabel Pg 29;ELECTRICAL ACCESSORIES;PCS;1;2;38;NON AC;
LMP-00001;Head Lamp;LAMP;PCS;5;10;2;NON AC;
OTH-00002;In Bowdos Boss;LAIN-LAIN;PCS;1;2;48;NON AC;
INV-00002;Inverter Vfs15-4055pl-w1 Toshiba 5,5 Kw 380v/3p;INVERTER;PCS;1;2;2;NON AC;
INV-00003;Inverter Vfs15-4110pl-w1 Toshiba 11 Kw;INVERTER;PCS;1;2;1;NON AC;
INV-00004;Inverter 3p 380v 1,5kw Atv320u15n4c Schneider;INVERTER;PCS;1;2;2;NON AC;
ELA-00008;Isolasi Listrik 3m;ELECTRICAL ACCESSORIES;PCS;2;5;2;NON AC;
INV-00005;Inverter Toshiba Vfnc3 2007p 0.75kw/1hp/220v/3ph;INVERTER;PCS;1;2;5;NON AC;
INV-00006;Inverter Toshiba Vfs15-4015 1.5kw 380vac/3ph;INVERTER;PCS;1;2;3;NON AC;
INV-00007;Inverter Abb Acs35s Pn.3.0kw 12n 7.3a Ip20;INVERTER;PCS;1;2;1;NON AC;
INV-00008;Inverter 5.5kw Atv212hu55n4, Schneider;INVERTER;PCS;1;2;1;NON AC;
INV-00009;Inverter 4 Kw Atv212hu40n4 Schneider;INVERTER;PCS;1;2;2;NON AC;
INV-00010;Inverter Atv310hu75n4e, Schneider;INVERTER;PCS;1;2;3;NON AC;
INV-00011;Inverter Ach480-04-12a7-4+j400 50-60hz 3p Abb;INVERTER;PCS;1;2;3;NON AC;
SWT-00002;Isolator Bakar 6mm;SWITCH/SAKLAR;PCS;2;5;10;NON AC;
SWT-00003;Isolator Bakar 2mm;SWITCH/SAKLAR;PCS;2;5;8;NON AC;
SWT-00004;Isolator Bakar 3mm;SWITCH/SAKLAR;PCS;2;5;8;NON AC;
SWT-00005;Isolator Bakar 4mm;SWITCH/SAKLAR;PCS;2;5;10;NON AC;
SWT-00006;Isolator Bakar 5mm;SWITCH/SAKLAR;PCS;2;5;8;NON AC;
ELP-00002;Junction Box 155x115x80;ELECTRICAL BOX/PANEL;PCS;1;2;2;NON AC;
ELP-00003;Junction Box 250x150x100 Fort;ELECTRICAL BOX/PANEL;PCS;1;2;9;NON AC;
ELP-00004;Junction Box 280x380x180mm Fort;ELECTRICAL BOX/PANEL;PCS;1;2;5;NON AC;
PAD-00001;Klem Pipa Clipsal E 25;PAINT/ADHESIVE;PCS;1;3;97;NON AC;
ELA-00009;Kabel Ties 15cm @100pcs;ELECTRICAL ACCESSORIES;PAK;1;3;4;NON AC;
ELA-00010;Kabel Ties 30cm @100pcs;ELECTRICAL ACCESSORIES;PAK;1;2;4;NON AC;
PAD-00002;Klem Pipa Clipsal E 20;PAINT/ADHESIVE;PCS;1;3;297;NON AC;
ELA-00011;Kabel Ties 25cm @100 Pcs;ELECTRICAL ACCESSORIES;PAK;1;2;4;NON AC;
ELA-00012;Kabel Duct 45x45 Lubang;ELECTRICAL ACCESSORIES;PCS;1;2;10;NON AC;
CBL-00001;Kabel Avometer;CABLE;PCS;1;2;3;NON AC;
ELA-00013;Kabel Ties 38.5cm @100pcs;ELECTRICAL ACCESSORIES;PAK;1;2;5;NON AC;
LMP-00002;Kap Lampu V-shape Pyramid 2x36w;LAMP;PCS;5;10;14;NON AC;
ELA-00014;Kabel Duct Polos 75x75;ELECTRICAL ACCESSORIES;PCS;1;2;9;NON AC;
CBL-00002;Kabel Tahan Panas 6mm (kabel Heater);CABLE;MTR;1;2;30;NON AC;
LMP-00003;Kap Lampu Mercury E40;LAMP;PCS;5;10;10;NON AC;
ELA-00015;Kabel Duct 40*40;ELECTRICAL ACCESSORIES;PCS;1;2;3;NON AC;
ELA-00016;Kabel Duct 32x32;ELECTRICAL ACCESSORIES;PCS;1;2;10;NON AC;
ELA-00017;Kabel Duct 10x5cm;ELECTRICAL ACCESSORIES;PCS;1;2;10;NON AC;
ELA-00018;Kabel Duct 25x40;ELECTRICAL ACCESSORIES;PCS;1;2;3;NON AC;
FAN-00010;Kipas Motor As 38mm;FAN;PCS;1;2;4;NON AC;
LMP-00004;Lampu Halogen 500 W 230v Philips 2000h;LAMP;PCS;5;10;3;NON AC;
LMP-00005;Lampu Led 50 W E 27;LAMP;PCS;5;10;11;NON AC;
LMP-00006;Lampu Led 50 W E 40;LAMP;PCS;5;10;10;NON AC;
LMP-00007;Lampu Master Cdm-t Elite 70 W/942612;LAMP;PCS;5;10;8;NON AC;
LMP-00008;Lampu Philips Led 10 W Kuning;LAMP;PCS;5;10;13;NON AC;
LMP-00009;Lampu Philips Led 10 W Putih;LAMP;PCS;5;10;19;NON AC;
LMP-00010;Lampu Philips Led 19 W Putih;LAMP;PCS;5;10;5;NON AC;
LMP-00011;Lampu Philips Sle 18 W;LAMP;PCS;5;10;8;NON AC;
LMP-00012;Lampu Philips Son-t 250 W;LAMP;PCS;5;10;11;NON AC;
LMP-00013;Lampu Philips Tl 10 W;LAMP;PCS;5;10;1;NON AC;
LMP-00014;Lampu Philips Tornado 24 W;LAMP;PCS;5;10;4;NON AC;
PLC-00001;Lampu Plc 18 W;PLC;PCS;1;1;10;NON AC;
PLC-00002;Lampu Plc 2p 13 W;PLC;PCS;1;1;33;NON AC;
LMP-00015;Lampu Master Pls 2p 9 W;LAMP;PCS;5;10;12;NON AC;
LMP-00016;Lampu Tl Led Tube 8 W;LAMP;PCS;5;10;39;NON AC;
LMP-00017;Led Downlight 10 W (warm);LAMP;PCS;5;10;1;NON AC;
LMP-00018;Led Downlight 12 W (putih);LAMP;PCS;5;10;6;NON AC;
LMP-00019;Lampu Led Mr16 Citrus 12v 5.3w (warm);LAMP;PCS;5;10;7;NON AC;
LMP-00020;Lampu Tl Led Tube 18w 1200mm Ho 18w865 T8 Ap;LAMP;PCS;5;10;35;NON AC;
LMP-00021;Lampu Rc091v Led38s/865 Psu W60l60 G3 Mr Pcv;LAMP;PCS;5;10;28;NON AC;
LMP-00022;Lampu Led Nero General 6w 220v 6000k (u/lift);LAMP;PCS;5;10;9;NON AC;
LMP-00023;Lampu Philips Ess Led Mr 4.5-50w 36d U/lift;LAMP;PCS;5;10;10;NON AC;
LMP-00024;Lampu Tl Led 13w 1000lm 6500k Philips Milea;LAMP;PCS;5;10;8;NON AC;
LMP-00025;Lampu Downlight Led 7w 865wh;LAMP;PCS;5;10;15;NON AC;
LMS-00001;Limit Switch Hanyoung Hyp701a;LIMIT SWITCH;PCS;1;2;6;NON AC;
LMP-00026;Lampu Bvp171 Led26/cw 30w Wb Grey Ce;LAMP;PCS;5;10;14;NON AC;
LMP-00027;Lampu Bvp172 Led43/cw 50w Wb Grey Ce;LAMP;PCS;5;10;13;NON AC;
LMP-00028;Lampu Downlight 17w 65k Meso;LAMP;PCS;5;10;1;NON AC;
LMP-00029;Lampu Emergency Kn-8926la Green;LAMP;PCS;5;10;1;NON AC;
LMP-00030;Lampu Led Me2-12a 12 Bright Emergency;LAMP;PCS;5;10;1;NON AC;
LMP-00031;Lampu Led Me2-16a 16 Bright Emergency;LAMP;PCS;5;10;5;NON AC;
LMP-00032;Lampu/dop Led 15w/cd Panasonic;LAMP;PCS;5;10;5;NON AC;
LMP-00033;"Lampu Ts 21w ""caltech"" Putih";LAMP;PCS;5;10;4;NON AC;
LMP-00034;Lampu Led 45w E40;LAMP;PCS;5;10;10;NON AC;
LMP-00035;Lampu Downlight Led 10w 865 Wh;LAMP;PCS;5;10;12;NON AC;
LMP-00036;Lampu Led Philips Trunklinea 9w 6500k;LAMP;PCS;5;10;5;NON AC;
INS-00001;Lion Precision Lrd 2100;INSTRUMENT;PCS;1;2;1;NON AC;
LMP-00037;Lampu Philips Led 14.5w;LAMP;PCS;5;10;1;NON AC;
LMP-00038;Lampu Philips Led 12w;LAMP;PCS;5;10;26;NON AC;
LMP-00039;Lampu Downlight Led 14w;LAMP;PCS;5;10;21;NON AC;
LMP-00040;Lampu/dop 13w Panasonic;LAMP;PCS;5;10;5;NON AC;
MCB-00001;Mcb 1p 10 A;MCB;PCS;2;5;35;NON AC;
MCB-00002;Mcb 1p 16 A;MCB;PCS;2;5;36;NON AC;
MCB-00003;Mcb 1p 20 A;MCB;PCS;2;5;9;NON AC;
MCB-00004;Mcb 1p 4 A;MCB;PCS;2;5;9;NON AC;
MCB-00005;Mcb 1p 40 A;MCB;PCS;2;5;2;NON AC;
MCB-00006;Mcb 1p 6 A;MCB;PCS;2;5;6;NON AC;
MCB-00007;Mcb 3p 16 A;MCB;PCS;2;5;13;NON AC;
MCB-00008;Mcb 3p 25 A;MCB;PCS;2;5;11;NON AC;
MCB-00009;Mcb 3p 32 A;MCB;PCS;2;5;13;NON AC;
MCCB-00001;Mccb Nsx 100n 44/63a;MCCB;PCS;1;2;4;NON AC;
BZR-00005;Mini Sirine Ac 220 V Ms-190;BUZZER/SIREN;PCS;1;2;8;NON AC;
MPR-00001;Motor Protection Gv2me20;MOTOR PROTECTION;PCS;1;2;15;NON AC;
MPR-00002;Motor Protection Gv2me21;MOTOR PROTECTION;PCS;1;2;11;NON AC;
MPR-00003;Motor Protection Gv2me22;MOTOR PROTECTION;PCS;1;2;10;NON AC;
MPR-00004;Motor Protection Gv2p21;MOTOR PROTECTION;PCS;1;2;2;NON AC;
MCB-00010;Mcb 1p 2a;MCB;PCS;2;5;49;NON AC;
MCB-00011;Mcb 2p 6a;MCB;PCS;2;5;13;NON AC;
MCB-00012;Mcb 3p 50a;MCB;PCS;2;5;3;NON AC;
MCB-00013;Mcb 3p 10a;MCB;PCS;2;5;9;NON AC;
MCB-00014;Mcb 2p 16a;MCB;PCS;2;5;4;NON AC;
MCCB-00002;Mccb 3p 80a;MCCB;PCS;1;2;5;NON AC;
MCCB-00003;Mccb 3p 250a;MCCB;PCS;1;2;1;NON AC;
MPR-00005;Motor Protection Gv2me14;MOTOR PROTECTION;PCS;1;2;4;NON AC;
MPR-00006;Motor Protection Gv2me16;MOTOR PROTECTION;PCS;1;2;5;NON AC;
MCCB-00004;Mccb 3p 50a;MCCB;PCS;1;2;1;NON AC;
MCCB-00005;Mccb 3p 40a;MCCB;PCS;1;2;1;NON AC;
OTH-00003;Out Bowdos Boss;LAIN-LAIN;PCS;1;3;95;NON AC;
SCK-00001;Over Steker;SOCKET/STECKER;PCS;2;5;2;NON AC;
ELP-00005;Panel Box 40x30x20;ELECTRICAL BOX/PANEL;PCS;1;3;4;NON AC;
OTH-00004;Tedos Clipsal 20 (perempatan);LAIN-LAIN;PCS;0;1;16;NON AC;
PLT-00002;Pilot Lamp Kuning 220v;PILOT LAMP;PCS;2;5;4;NON AC;
PLT-00003;Pilot Lamp Merah 220v;PILOT LAMP;PCS;2;5;8;NON AC;
POT-00001;Potensio 10 K;POTENSIOMETER;PCS;3;7;6;NON AC;
POT-00002;Potensio 5 K;POTENSIOMETER;PCS;2;5;4;NON AC;
ELA-00019;Power Craft Ecl-lid 2/240;ELECTRICAL ACCESSORIES;PCS;1;2;6;NON AC;
PSB-00002;Push Button Merah;PUSH BUTTON;PCS;2;5;5;NON AC;
PSB-00003;Push Button With Lamp Hijau 220 V;PUSH BUTTON;PCS;2;5;27;NON AC;
PSB-00004;Push Button With Lamp Merah;PUSH BUTTON;PCS;2;5;5;NON AC;
PSB-00005;Push Button Led Hijau 230v Xb5-aw33m5 Schneider;PUSH BUTTON;PCS;2;5;15;NON AC;
PIP-00005;Pipa Boss/clipsal 20mm;PIPE/FITTING;PCS;2;5;100;NON AC;
PLT-00004;Pilot Lamp Hijau 220v;PILOT LAMP;PCS;2;5;8;NON AC;
PLT-00005;Pilot Light 220v Green Xa2evm3lc;PILOT LAMP;PCS;2;5;10;NON AC;
PWS-00001;Power Supply Spb-120-12;POWER SUPPLY;PCS;1;2;3;NON AC;
ELP-00006;Panel Box 20x30x12cm;ELECTRICAL BOX/PANEL;PCS;1;2;0;NON AC;
RLY-00001;Relay Ly2 220 V;RELAY;PCS;2;5;3;NON AC;
RLY-00002;Relay Ly4n220 V;RELAY;PCS;2;5;17;NON AC;
RLY-00003;Relay Mks 2 P;RELAY;PCS;2;5;13;NON AC;
RLY-00004;Relay My2n-gs 220/240vac;RELAY;PCS;2;5;38;NON AC;
RLY-00005;Relay Ircp Age21180 (pass Relay);RELAY;PCS;2;5;10;NON AC;
FUS-00001;Rumah Sekring Tanam;FUSE/SEKRING;PCS;5;10;6;NON AC;
RLY-00006;Relay Omron G4a-1ae Dc12by;RELAY;PCS;2;5;12;NON AC;
RLY-00007;Relay My4n-gs Ac220/240 By Omz;RELAY;PCS;2;5;38;NON AC;
RLY-00008;Relay Rxm2ab1b7 24vac;RELAY;PCS;2;5;9;NON AC;
RLY-00009;Relay My2n-gs Dc24 By Omz (+socket);RELAY;PCS;2;5;29;NON AC;
RLY-00010;Relay G2rv-sr700 Dc24;RELAY;PCS;2;5;30;NON AC;
RLY-00011;Relay Rxm2ab2p7 220vac;RELAY;PCS;2;5;20;NON AC;
RLY-00012;Relay My2n Gs-r Dc12;RELAY;PCS;2;5;5;NON AC;
RLY-00013;Relay My4n Gs-r Dc24;RELAY;PCS;2;5;10;NON AC;
SWT-00007;Saklar Seri Boss 220 V;SWITCH/SAKLAR;PCS;2;5;29;NON AC;
SWT-00008;Saklar Tunggal Boss 220 V;SWITCH/SAKLAR;PCS;2;5;39;NON AC;
FUS-00002;Sekring Bayonet 80 A;FUSE/SEKRING;PCS;5;10;21;NON AC;
SNS-00001;Sensor Llimit Switch Zcd21 +socket;SENSOR;PCS;1;2;14;NON AC;
SCK-00002;Sock Clipsal E20;SOCKET/STECKER;PCS;2;5;195;NON AC;
SCK-00003;Sock Clipsal E25;SOCKET/STECKER;PCS;2;5;160;NON AC;
SCK-00004;Steker 3p 5 Pin-16a (female);SOCKET/STECKER;PCS;2;5;18;NON AC;
PIP-00006;Steker 3p 5 Pin-16a (male)/(plug Ip44);PIPE/FITTING;PCS;2;5;16;NON AC;
SCK-00005;Steker 3p 5 Pin-32a (female);SOCKET/STECKER;PCS;2;5;10;NON AC;
SCK-00006;Steker 3p 5 Pin-32a (male);SOCKET/STECKER;PCS;2;5;20;NON AC;
RLY-00014;Socket Relay (ly4);RELAY;PCS;2;5;10;NON AC;
RLY-00015;Socket Relay (my2/ly2);RELAY;PCS;2;5;23;NON AC;
RLY-00016;Socket Relay (my4);RELAY;PCS;2;5;49;NON AC;
OTH-00005;Speaker Ht;LAIN-LAIN;PCS;0;1;5;NON AC;
SSR-00001;Ssr-40da-h Fotex;SSR;PCS;1;2;5;NON AC;
SCK-00007;Steker Broco;SOCKET/STECKER;PCS;2;5;22;NON AC;
SCK-00008;Stop Kontak 1p Boss;SOCKET/STECKER;PCS;2;5;28;NON AC;
SCK-00009;Stop Kontak 2 Lubang;SOCKET/STECKER;PCS;2;5;4;NON AC;
SCK-00010;Stop Kontak 3 Lubang;SOCKET/STECKER;PCS;2;5;6;NON AC;
SCK-00011;Stop Kontak 4 Lubang;SOCKET/STECKER;PCS;2;5;9;NON AC;
SCK-00012;Stop Kontak 6 Lubang;SOCKET/STECKER;PCS;2;5;10;NON AC;
SCK-00013;Stop Kontak Ac 3 Pin;SOCKET/STECKER;PCS;2;5;11;NON AC;
SWT-00009;Switch Xb5-ad21;SWITCH/SAKLAR;PCS;2;5;20;NON AC;
SCK-00014;Stop Kontak 5 Lubang;SOCKET/STECKER;PCS;2;5;9;NON AC;
FUS-00003;Sekring/fuse Keramix 0.5a (5w Ma);FUSE/SEKRING;PCS;5;10;10;NON AC;
FUS-00004;Sekring/fuse 50fe;FUSE/SEKRING;PCS;5;10;20;NON AC;
FUS-00005;Sekring 63a;FUSE/SEKRING;PCS;5;10;10;NON AC;
TMR-00001;Socket Timer Omron H3cr-a8;TIMER;PCS;2;4;26;NON AC;
TRM-00001;Terminal Block Tc-404;TERMINAL;PCS;5;10;4;NON AC;
CBL-00003;Terminal Kabel 10 Mm;CABLE;PCS;1;3;24;NON AC;
CBL-00004;Terminal Kabel 6 Mm;CABLE;PCS;2;5;19;NON AC;
TOL-00001;Thermal Overload Ladn 22;THERMAL OVERLOAD;PCS;1;2;5;NON AC;
TOL-00002;Thermal Overload Lrd 06;THERMAL OVERLOAD;PCS;1;2;3;NON AC;
TOL-00003;Thermal Overload Lrd 10;THERMAL OVERLOAD;PCS;1;2;15;NON AC;
TOL-00004;Thermal Overload Lrd 22;THERMAL OVERLOAD;PCS;1;2;13;NON AC;
TOL-00005;Thermal Overload Lrd 3363;THERMAL OVERLOAD;PCS;1;2;5;NON AC;
TOL-00006;Thermal Overload Lrd 340;THERMAL OVERLOAD;PCS;1;2;1;NON AC;
TMR-00002;Timer Relay Rexl4tmp7 Zelio/schneider;TIMER;PCS;2;4;25;NON AC;
TRF-00001;Travo Bta 18 W 220 Vc-sc;TRANSFORMER;PCS;1;2;8;NON AC;
TRF-00002;Travo Eltra 240 V/ 400 V/ 27 V / 24 V;TRANSFORMER;PCS;1;2;3;NON AC;
TRF-00003;Travo Outdoor 36 W Chh 120 36 V;TRANSFORMER;PCS;1;2;2;NON AC;
TOL-00007;Thermal Overload 9-13a Lrd 16;THERMAL OVERLOAD;PCS;1;2;12;NON AC;
TMR-00003;Timer Digital Le7m 2d Autonics;TIMER;PCS;2;4;7;NON AC;
TST-00002;Tespen;TOOLS - TESTER;PCS;1;3;2;NON AC;
GEN-00002;Timount Hc-102 Kss;GENERAL/INVENTORY;PAK;0;1;1;NON AC;
OTH-00006;Tape Cassette (lm-tp309y) Kuning;LAIN-LAIN;PCS;0;1;3;NON AC;
CTL-00001;Temperature Control Tf31-34h Autonic;CONTROLLER;PCS;1;2;2;NON AC;
SWT-00010;Togel On Off 4kaki (saklar);SWITCH/SAKLAR;PCS;2;5;4;NON AC;
OTH-00007;Tedos Clipsal 20 (pertigaan);LAIN-LAIN;PCS;0;1;47;NON AC;
TRM-00002;Terminal Block 2.5mm Legrand 037160;TERMINAL;PCS;5;10;200;NON AC;
TOL-00008;Thermal Overload Lrd 05;THERMAL OVERLOAD;PCS;1;2;2;NON AC;
TRM-00003;Terminal Block 15a 12p Tb-1512;TERMINAL;PCS;5;10;15;NON AC;
TRM-00004;Terminal Block 15a 6p Tb-1506;TERMINAL;PCS;5;10;15;NON AC;
TOL-00009;Thermal Overload Lrd-32;THERMAL OVERLOAD;PCS;1;2;10;NON AC;
OTH-00008;Tedos Clipsal 20 (cabang 2);LAIN-LAIN;PCS;0;1;30;NON AC;
TMR-00004;Timer H3cr-a8 Omron;TIMER;PCS;2;4;28;NON AC;
BRNG-00058;Bearing 30205-j2;BEARING;PCS;2;4;2;NON AC;
BRNG-00002;Bearing 51114;BEARING;PCS;2;4;4;NON AC;
BRNG-00003;Bearing 6000-2rsh;BEARING;PCS;2;4;13;NON AC;
BRNG-00004;Bearing 6002-llu/2asu1;BEARING;PCS;2;4;10;NON AC;
BRNG-00005;Bearing 6003-2z/c3;BEARING;PCS;2;4;2;NON AC;
BRNG-00006;Bearing 6004-2z;BEARING;PCS;2;4;5;NON AC;
BRNG-00007;Bearing 6006-2rs1/c3;BEARING;PCS;2;4;3;NON AC;
BRNG-00008;Bearing 6008-2zr;BEARING;PCS;2;4;1;NON AC;
BRNG-00009;Bearing 6020/c3;BEARING;PCS;2;4;1;NON AC;
BRNG-00010;Bearing 608-zz1mc3;BEARING;PCS;2;4;4;NON AC;
BRNG-00011;Bearing 61801-2z;BEARING;PCS;2;4;5;NON AC;
BRNG-00012;Bearing 61901;BEARING;PCS;2;4;9;NON AC;
BRNG-00013;Bearing 61903-2z;BEARING;PCS;2;4;1;NON AC;
BRNG-00014;Bearing 6200-c2z;BEARING;PCS;2;4;7;NON AC;
BRNG-00015;Bearing 6201-2z/c3;BEARING;PCS;2;4;14;NON AC;
BRNG-00016;Bearing 6202-2z/c3;BEARING;PCS;2;4;19;NON AC;
BRNG-00017;Bearing 6203-2z;BEARING;PCS;2;4;10;NON AC;
BRNG-00018;Bearing 6204-2z;BEARING;PCS;2;4;16;NON AC;
BRNG-00019;Bearing 6205-2z/c3;BEARING;PCS;2;4;2;NON AC;
BRNG-00020;Bearing 6206-2z/c3;BEARING;PCS;2;4;3;NON AC;
BRNG-00021;Bearing 6207-2rs1;BEARING;PCS;2;4;2;NON AC;
BRNG-00022;Bearing 6208-2rscm;BEARING;PCS;2;4;1;NON AC;
BRNG-00023;Bearing 6208-2zrc3;BEARING;PCS;2;4;0;NON AC;
BRNG-00024;Bearing 6208-zrs1/c3;BEARING;PCS;2;4;5;NON AC;
BRNG-00025;Bearing 6212-2z/c3;BEARING;PCS;2;4;1;NON AC;
BRNG-00026;Bearing 6300-2z;BEARING;PCS;2;4;2;NON AC;
BRNG-00027;Bearing 6302-2rsh/c3;BEARING;PCS;2;4;8;NON AC;
BRNG-00028;Bearing 6304-2z;BEARING;PCS;2;4;1;NON AC;
BRNG-00029;Bearing 6306-2z;BEARING;PCS;2;4;4;NON AC;
BRNG-00030;Bearing 6800-zz;BEARING;PCS;2;4;9;NON AC;
BRNG-00031;Bearing Cf 10 R;BEARING;PCS;2;4;1;NON AC;
BRNG-00032;Bearing Lr 5201;BEARING;PCS;2;4;1;NON AC;
BRNG-00033;Bearing Yar 206-2f;BEARING;PCS;2;4;2;NON AC;
BRNG-00034;Bearing 16002;BEARING;PCS;2;4;10;NON AC;
BRNG-00035;Bearing 6000 Zz;BEARING;PCS;2;4;13;NON AC;
BRNG-00036;Bearing S6201 2rs Ss;BEARING;PCS;2;4;8;NON AC;
BRNG-00037;Bearing 6001 Zz/c3;BEARING;PCS;2;4;19;NON AC;
BRNG-00038;Bearing 606zz/c3;BEARING;PCS;2;4;54;NON AC;
BRNG-00039;Bearing 6307 Zz/c3;BEARING;PCS;2;4;2;NON AC;
BRNG-00040;Bearing 3205 A-2rsi;BEARING;PCS;2;4;2;NON AC;
BRNG-00041;Bearing 6305zz/c3;BEARING;PCS;2;4;6;NON AC;
BRNG-00042;Ball Bearing Trust Lj 11/2 Rls 12;BEARING;PCS;2;4;0;NON AC;
BRNG-00043;Bearing 51201;BEARING;PCS;2;4;3;NON AC;
BRNG-00044;Bearing Iko Pos 8la;BEARING;PCS;2;4;0;NON AC;
BRNG-00045;Bearing 6005 Zz;BEARING;PCS;2;4;5;NON AC;
BRNG-00046;Bearing 606 2rs;BEARING;PCS;2;4;4;NON AC;
BRNG-00047;Bearing 6301 2rsh;BEARING;PCS;2;4;5;NON AC;
BRNG-00048;Bearing 6006zz;BEARING;PCS;2;4;8;NON AC;
BRNG-00049;Bearing 6201zz;BEARING;PCS;2;4;8;NON AC;
BRNG-00050;Bearing 6208zz/c3;BEARING;PCS;2;4;9;NON AC;
BRNG-00051;Bearing 6203 2rs/c3;BEARING;PCS;2;4;0;NON AC;
TDB-00001;Mata Bor 3 Mm;TOOLS - DRILL BIT;PCS;1;3;10;NON AC;
TDB-00002;Mata Bor 4.5 Mm;TOOLS - DRILL BIT;PCS;1;3;1;NON AC;
TDB-00003;Mata Bor 4 Mm;TOOLS - DRILL BIT;PCS;2;5;10;NON AC;
TDB-00004;Mata Bor 5 Mm;TOOLS - DRILL BIT;PCS;1;3;0;NON AC;
TDB-00005;Mata Bor 8 Mm;TOOLS - DRILL BIT;PCS;2;5;0;NON AC;
TDB-00006;Mata Bor 9 Mm;TOOLS - DRILL BIT;PCS;1;3;3;NON AC;
TDB-00007;Mata Bor 5.5 Mm;TOOLS - DRILL BIT;PCS;1;3;1;NON AC;
TDB-00008;Mata Bor Ss 5mm;TOOLS - DRILL BIT;PCS;1;3;0;NON AC;
TDB-00009;Mata Bor Beton 8;TOOLS - DRILL BIT;PCS;1;3;2;NON AC;
TDB-00010;Mata Bor Beton 10;TOOLS - DRILL BIT;PCS;1;3;0;NON AC;
TDB-00011;Mata Bor 10 Mm;TOOLS - DRILL BIT;PCS;1;3;6;NON AC;
TDB-00012;Mata Bor 11 Mm;TOOLS - DRILL BIT;PCS;1;3;5;NON AC;
TDB-00013;Mata Bor 12 Mm;TOOLS - DRILL BIT;PCS;1;3;2;NON AC;
TDB-00014;Mata Bor 13 Mm;TOOLS - DRILL BIT;PCS;1;3;1;NON AC;
TDB-00015;Mata Bor 3.5mm;TOOLS - DRILL BIT;PCS;1;3;10;NON AC;
TDB-00016;Mata Bor Ss 7mm;TOOLS - DRILL BIT;PCS;1;3;0;NON AC;
BLT-00001;"Van Belt Spz 710 ""optibelt""";BELT;PCS;1;2;6;AC;
SOG-00001;Seal Nok Tc 25.40.7;SEAL/ORING/GASKET;PCS;2;5;2;NON AC;
SOG-00002;Seal Tc 25.40.8;SEAL/ORING/GASKET;PCS;2;5;3;NON AC;
SOG-00003;Seal Tc 40.60.10;SEAL/ORING/GASKET;PCS;2;5;8;NON AC;
SOG-00004;Seal Tc 40.60.12;SEAL/ORING/GASKET;PCS;2;5;4;NON AC;
SOG-00005;Seal Tc 60.85.8;SEAL/ORING/GASKET;PCS;2;5;14;NON AC;
SOG-00006;Seal Tape;SEAL/ORING/GASKET;PCS;2;5;112;NON AC;
SOG-00007;Seal Nok Tc 25x35x7 (oil Seal);SEAL/ORING/GASKET;PCS;2;5;10;NON AC;
FST-00001;Stood Bolt Ss (1m) M12;BOLT/NUT/FASTENER;PCS;1;2;10;NON AC;
FST-00002;Stood Bolt (1m) M12;BOLT/NUT/FASTENER;PCS;1;2;10;NON AC;
BLT-00002;Timing/van Belt H420-25mm;BELT;PCS;1;2;3;AC;
BLT-00003;Timing/van Belt 225l 20.5 Optibelt;BELT;PCS;1;2;2;AC;
BLT-00004;Timing/van Belt 1100h-19mm Optibelt;BELT;PCS;1;2;2;AC;
BLT-00005;Timing Belt Pu T10-3350-16mm Moulend (u/dehum);BELT;PCS;1;2;2;AC;
BLT-00006;Van Belt A-25;BELT;PCS;1;2;1;AC;
BLT-00007;Van Belt A-28;BELT;PCS;1;2;6;AC;
BLT-00008;Van Belt A-29;BELT;PCS;1;2;2;AC;
BLT-00009;Van Belt A-32;BELT;PCS;1;2;6;AC;
BLT-00010;Van Belt A-35;BELT;PCS;1;2;10;AC;
BLT-00011;Van Belt A-39;BELT;PCS;1;2;5;AC;
BLT-00012;Van Belt A-40;BELT;PCS;1;2;5;AC;
BLT-00013;Van Belt A-45;BELT;PCS;1;2;7;AC;
BLT-00014;Van Belt A-46;BELT;PCS;1;3;3;AC;
BLT-00015;Van Belt A-48;BELT;PCS;1;2;2;AC;
BLT-00016;Van Belt A-50;BELT;PCS;1;2;2;AC;
BLT-00017;Van Belt A-51;BELT;PCS;1;2;4;AC;
BLT-00018;Van Belt A-59;BELT;PCS;1;2;6;AC;
BLT-00019;Van Belt A-60;BELT;PCS;1;2;6;AC;
BLT-00020;Van Belt A-64;BELT;PCS;1;2;1;AC;
BLT-00021;Van Belt A-66;BELT;PCS;1;2;2;AC;
BLT-00022;Van Belt A-69;BELT;PCS;1;2;7;AC;
BLT-00023;Van Belt A-84;BELT;PCS;1;2;4;AC;
BLT-00024;Van Belt B-102;BELT;PCS;1;2;1;AC;
BLT-00025;Van Belt B-30;BELT;PCS;1;2;10;AC;
BLT-00026;Van Belt B-32;BELT;PCS;1;2;6;AC;
BLT-00027;Van Belt B-33;BELT;PCS;1;2;26;AC;
BLT-00028;Van Belt B-37;BELT;PCS;1;2;1;AC;
BLT-00029;Van Belt B-38;BELT;PCS;1;2;2;AC;
BLT-00030;Van Belt B-40;BELT;PCS;1;2;5;AC;
BLT-00031;Van Belt B-43;BELT;PCS;1;2;12;AC;
BLT-00032;Van Belt B-45;BELT;PCS;1;2;7;AC;
BLT-00033;Van Belt B-46;BELT;PCS;1;2;9;AC;
BLT-00034;Van Belt B-50;BELT;PCS;1;2;2;AC;
BLT-00035;Van Belt B-52;BELT;PCS;1;2;2;AC;
BLT-00036;Van Belt B-56;BELT;PCS;1;2;3;AC;
BLT-00037;Van Belt B-61;BELT;PCS;1;2;5;AC;
BLT-00038;Van Belt B-64;BELT;PCS;1;2;2;AC;
BLT-00039;Van Belt B-67;BELT;PCS;1;2;2;AC;
BLT-00040;Van Belt B-69;BELT;PCS;1;2;9;AC;
BLT-00041;Van Belt B-70;BELT;PCS;1;2;3;AC;
BLT-00042;Van Belt B-73;BELT;PCS;1;2;2;AC;
BLT-00043;Van Belt B-75;BELT;PCS;1;2;6;AC;
BLT-00044;Van Belt B-76;BELT;PCS;1;2;9;AC;
BLT-00045;Van Belt B-79;BELT;PCS;1;2;3;AC;
BLT-00046;Van Belt B-84;BELT;PCS;1;2;1;AC;
BLT-00047;Van Belt B-85;BELT;PCS;1;2;26;AC;
BLT-00048;Van Belt B-90;BELT;PCS;1;2;2;AC;
BLT-00049;Van Belt B-92;BELT;PCS;1;2;9;AC;
BLT-00050;Van Belt B-93;BELT;PCS;1;2;5;AC;
BLT-00051;Van Belt B-95;BELT;PCS;1;2;6;AC;
BLT-00052;Van Belt B-98;BELT;PCS;1;2;2;AC;
BLT-00053;Van Belt C-57;BELT;PCS;1;2;4;AC;
BLT-00054;Van Belt B-87;BELT;PCS;1;2;7;AC;
BLT-00055;Van Belt B-81;BELT;PCS;1;2;16;AC;
BLT-00056;Van Belt A-44;BELT;PCS;1;2;9;AC;
BLT-00057;Van Belt A-41;BELT;PCS;1;2;5;AC;
BLT-00058;Van Belt A-42;BELT;PCS;1;2;4;AC;
BLT-00059;Van Belt B-48;BELT;PCS;1;2;6;AC;
BLT-00060;Van Belt Spz 850;BELT;PCS;1;2;18;AC;
BLT-00061;Van Belt Spz 937;BELT;PCS;1;2;3;AC;
BLT-00062;Van Belt M32;BELT;PCS;1;2;4;AC;
BLT-00063;Van Belt 3v 300;BELT;PCS;1;2;4;AC;
BLT-00064;Van Belt Spz 925 (optibelt);BELT;PCS;1;2;12;AC;
BLT-00065;Van Belt Spz 812 (optibelt);BELT;PCS;1;2;12;AC;
BLT-00066;Van Belt B-66;BELT;PCS;1;2;8;AC;
BLT-00067;Van Belt Spz 987 Optibelt;BELT;PCS;1;2;2;AC;
BLT-00068;Van Belt Xl 220 (timing Bergerigi);BELT;PCS;1;2;10;AC;
BLT-00069;Van Belt 3280 Polos;BELT;PCS;1;2;1;AC;
BLT-00070;Van Belt A-34;BELT;PCS;1;2;5;AC;
BLT-00071;Van Belt A-36;BELT;PCS;1;2;5;AC;
BLT-00072;Van Belt Spz 1700 Optibelt;BELT;PCS;1;2;5;AC;
BLT-00073;Van Belt Spz 1700 Bando;BELT;PCS;1;2;1;AC;
BLT-00074;Van Belt Spa 907;BELT;PCS;1;2;6;AC;
BLT-00075;Van Belt B-108;BELT;PCS;1;2;6;AC;
BLT-00076;Van Belt B-65;BELT;PCS;1;2;2;AC;
BLT-00077;Van Belt B-83;BELT;PCS;1;2;2;AC;
BLT-00078;Van Belt A-65;BELT;PCS;1;2;2;AC;
BLT-00079;Van Belt B-72;BELT;PCS;1;2;5;AC;
BLT-00080;Van Belt C-82;BELT;PCS;1;2;5;AC;
BLT-00081;Van Belt B-24;BELT;PCS;1;2;4;AC;
BLT-00082;Van Belt B-94;BELT;CAR;1;2;6;AC;
BLT-00083;Van Belt 9.5 700;BELT;PCS;1;2;6;AC;
BLT-00084;Vav/timing Belt L 232;BELT;PCS;1;2;1;AC;
BLT-00085;Van/timing Belt L225;BELT;PCS;1;2;1;AC;
BLT-00086;Van Belt A-70;BELT;PCS;1;2;2;AC;
BLT-00087;Van Belt B-57;BELT;PCS;1;2;3;AC;
VLV-00001;"Brv Drat 1"" 1,4 - 4 Bar";VALVE;PCS;1;2;3;NON AC;
VLV-00002;"Brv Drat 1"" 3,5 - 8,6 Bar";VALVE;PCS;1;2;1;NON AC;
VLV-00003;"Brv Drat 3/4"" 1,4 - 4 Bar";VALVE;PCS;1;2;2;NON AC;
VLV-00004;"Brv Drat 3/4"" 3,5 - 8,6 Bar";VALVE;PCS;1;2;1;NON AC;
VLV-00005;"Brv Flange 1"" 1,4 - 4 Bar";VALVE;PCS;1;2;2;NON AC;
VLV-00006;"Ball Valve M10s2 Rb 1/2"" Bsp Spirax Sarco";VALVE;PCS;1;2;3;NON AC;
PIP-00007;Bellow Assambly (ss) For Srv2s Prv Spirax Sarco;PIPE/FITTING;PCS;2;5;1;NON AC;
PIP-00008;"Blind Flange 11/4"" Ss304 Jis 10k";PIPE/FITTING;PCS;2;5;2;NON AC;
PIP-00009;"Clamp Pipa Type C Ss 304 11/2""";PIPE/FITTING;PCS;2;5;0;NON AC;
PIP-00010;"Clamp Ferrule Ss 304 11/2""";PIPE/FITTING;PCS;2;5;0;NON AC;
PIP-00011;"Clamp Holder Ss 1.5""";PIPE/FITTING;PCS;2;5;0;NON AC;
PIP-00012;"Clamp Holder Ss 2""";PIPE/FITTING;PCS;2;5;0;NON AC;
MSP-00001;Dcv10 Disc Check Valve Dn80 Pn40 Spirax Sarco;MACHINE SPARE PART;PCS;1;2;1;NON AC;
PIP-00013;"Elbow Cs Sch 40 2""";PIPE/FITTING;PCS;2;5;6;NON AC;
PIP-00014;"Elbow Sgp (carbon Steel) Sch 20 1.5""";PIPE/FITTING;PCS;2;5;4;NON AC;
PIP-00015;"Elbow Sgp (carbon Steel) Sch 20 3/4""";PIPE/FITTING;PCS;2;5;8;NON AC;
PIP-00016;"Elbow Sgp (carbon Steel) Sch 20 1/2""";PIPE/FITTING;PCS;2;5;8;NON AC;
FST-00003;Engsel Ss;BOLT/NUT/FASTENER;PCS;1;3;0;NON AC;
PIP-00017;"Elbow Mur Hdpe 2""";PIPE/FITTING;PCS;2;5;6;NON AC;
PIP-00018;"Elbow Cs Sch40 11/4""";PIPE/FITTING;PCS;2;5;6;NON AC;
PIP-00019;"Elbow Ss 304 Sch10 3/4""";PIPE/FITTING;PCS;2;5;10;NON AC;
PIP-00020;Elbow Cs Sch40 1.5;PIPE/FITTING;PCS;2;5;23;NON AC;
PIP-00021;"Elbow Cs Sch20 3""";PIPE/FITTING;PCS;2;5;5;NON AC;
PIP-00022;"Elbow Ss304 Sch10 1/2""";PIPE/FITTING;PCS;2;5;20;NON AC;
PIP-00023;"Elbow Cs Sch40 3/4""";PIPE/FITTING;PCS;2;5;10;NON AC;
PIP-00024;"Elbow Cs Sch 40 1""";PIPE/FITTING;PCS;2;5;10;NON AC;
PIP-00025;"Elbow Ss 304 Sch40 3/4""";PIPE/FITTING;PCS;2;5;10;NON AC;
PIP-00026;"Elbow Sanitary Ss304 1.5""";PIPE/FITTING;PCS;4;9;0;NON AC;
PIP-00027;"Flange 1 1/2"" Din 40 Bar";PIPE/FITTING;PCS;2;5;4;NON AC;
PIP-00028;"Flange 1 1/2"" Ss 304 Jis 10 Bar";PIPE/FITTING;PCS;2;5;11;NON AC;
PIP-00029;"Flange 1 1/2"" Ss 304 Jis 5 Bar";PIPE/FITTING;PCS;2;5;1;NON AC;
PIP-00030;"Flange 1 1/4"" Din 40 Bar";PIPE/FITTING;PCS;2;5;4;NON AC;
PIP-00031;"Flange 1"" Din 16 Bar";PIPE/FITTING;PCS;2;5;5;NON AC;
PIP-00032;"Flange 1"" Ss 304 Din 16 Bar";PIPE/FITTING;PCS;2;5;10;NON AC;
PIP-00033;"Flange 1/2"" Din 16 Bar";PIPE/FITTING;PCS;2;5;6;NON AC;
PIP-00034;"Flange 1/2"" Ss 304 Din 16 Bar";PIPE/FITTING;PCS;2;5;11;NON AC;
PIP-00035;"Flange 2"" Din 40 Bar";PIPE/FITTING;PCS;2;5;2;NON AC;
PIP-00036;"Flange 2"" Jis 10 Bar";PIPE/FITTING;PCS;2;5;11;NON AC;
PIP-00037;"Flange 3/4"" Din 16 Bar";PIPE/FITTING;PCS;2;5;7;NON AC;
PIP-00038;"Flange 3/4"" Ss 304 Din 16 Bar";PIPE/FITTING;PCS;2;5;5;NON AC;
STM-00001;"Fleksibel Steam 2""";STEAM COMPONENT;PCS;1;2;2;NON AC;
PIP-00039;"Flange 2.5"" Ss304 Dn16";PIPE/FITTING;PCS;2;5;4;NON AC;
PIP-00040;"Flange 3/4"" Ms Jis 10k";PIPE/FITTING;PCS;2;5;34;NON AC;
PIP-00041;"Flange 1/2"" Ms Din Pn 16";PIPE/FITTING;PCS;2;5;10;NON AC;
PIP-00042;"Flange 4"" Ss 304 Pn16";PIPE/FITTING;PCS;2;5;2;NON AC;
PIP-00043;Flange 2' Ss 304 Pn16;PIPE/FITTING;PCS;2;5;6;NON AC;
PIP-00044;"Flange 2"" Ms Din Pn16";PIPE/FITTING;PCS;2;5;4;NON AC;
PIP-00045;"Flange 11/4"" Ss304 Din 16";PIPE/FITTING;PCS;2;5;4;NON AC;
PIP-00046;"Flange 1"" Ms Pn16 Dn25";PIPE/FITTING;PCS;2;5;9;NON AC;
PIP-00047;"Flange 1/2"" Ms Pn16 Dn15";PIPE/FITTING;PCS;2;5;9;NON AC;
PIP-00048;"Flange Besi 4""";PIPE/FITTING;PCS;2;5;1;NON AC;
PIP-00049;Flange Ms Dn80 Pn16;PIPE/FITTING;PCS;2;5;6;NON AC;
PIP-00050;"Flange 1"" Ss304 Jis10k";PIPE/FITTING;PCS;2;5;28;NON AC;
PIP-00051;"Flange Pvc 2""";PIPE/FITTING;PCS;2;5;2;NON AC;
PIP-00052;"Flange Ms Jis 10k 2.5""";PIPE/FITTING;PCS;2;5;4;NON AC;
VLV-00007;"Gauge Cock Valve 1/2"" Npt (kran Syphon 1/2"")";VALVE;PCS;1;2;2;NON AC;
VLV-00008;"Gauge Cock Valve 3/8"" Bsp (kran Syphon 3/8"")";VALVE;PCS;1;2;2;NON AC;
GEN-00003;Grendel;GENERAL/INVENTORY;PCS;1;2;0;NON AC;
VLV-00009;"Gauge Cock 1/2"" Screwed Npt Spirax Sarco (kran)";VALVE;PCS;1;2;4;NON AC;
RWM-00001;Hollow Ss 304 30x30x2mmx6m;RAW MATERIAL;BTG;0;1;14;NON AC;
RWM-00002;Hollow Ss 304 30x30x3mm;RAW MATERIAL;PCS;0;1;10;NON AC;
PIP-00053;"Hanger Clamp Sanitary 1""";PIPE/FITTING;PCS;2;5;50;NON AC;
PIP-00054;"Hanger Clamp Sanitary 3/4""";PIPE/FITTING;PCS;2;5;50;NON AC;
PAD-00003;"Klem Pipa Baut 1 1/4""";PAINT/ADHESIVE;PCS;1;3;28;NON AC;
PAD-00004;"Klem Pipa Ss 1""";PAINT/ADHESIVE;PCS;1;3;23;NON AC;
GEN-00004;"Kuas 2""";GENERAL/INVENTORY;PCS;1;3;0;NON AC;
PAD-00005;"Klem Pipa 21/2""";PAINT/ADHESIVE;PCS;1;3;12;NON AC;
GEN-00005;Kapi;GENERAL/INVENTORY;PCS;0;1;1;NON AC;
PAD-00006;Klem Pipa Krom 3/4;PAINT/ADHESIVE;PCS;1;3;14;NON AC;
PAD-00007;"Klem Pipa Besi 11/2""";PAINT/ADHESIVE;PCS;1;3;13;NON AC;
GEN-00006;"Kuas 3""";GENERAL/INVENTORY;PCS;0;1;6;NON AC;
PAD-00008;"Klem Pipa Besi 1""";PAINT/ADHESIVE;PCS;1;3;42;NON AC;
PAD-00009;"Klem Pipa Besi 1/2""";PAINT/ADHESIVE;PL;1;3;28;NON AC;
PAD-00010;Klem Pipa Besi 3/4;PAINT/ADHESIVE;PCS;1;3;73;NON AC;
PAD-00011;"Klem Pipa Pvc 3/4""";PAINT/ADHESIVE;PCS;1;3;100;NON AC;
PAD-00012;"Klem Pipa Pvc 1/2""";PAINT/ADHESIVE;PCS;1;3;100;NON AC;
GGM-00002;Manometer B1 50mm (pressure Gauge 1/4 6bar U/pompa;GAUGE/METER;PCS;1;2;9;NON AC;
VLV-00010;"Oring Syphon 3/8"" Bsp (ring Syphon+kran 3/8)";VALVE;PCS;1;2;2;NON AC;
STM-00002;"Prv Dp 27 3/4""";STEAM COMPONENT;PCS;1;2;2;NON AC;
PIP-00055;"Pipa Ss 304 Sch 40 1""";PIPE/FITTING;BTG;2;5;12;NON AC;
PIP-00056;"Pipa Cs Sch 40 2""";PIPE/FITTING;PCS;2;5;2;NON AC;
RWM-00003;Plat Ss 304 1.5mmx4x8;RAW MATERIAL;PCS;0;1;2;NON AC;
PIP-00057;"Pipa Cs Sch 40 Ss 1/2""";PIPE/FITTING;PCS;2;5;10;NON AC;
PIP-00058;"Pipa Cs Sch 40 Ss 3/4""";PIPE/FITTING;PCS;2;5;4;NON AC;
PIP-00059;"Pipa Ss 304 Sch 40 1/2""";PIPE/FITTING;BTG;2;5;2;NON AC;
PIP-00060;"Pipa Cs Sch40 11/4""";PIPE/FITTING;BTG;2;5;4;NON AC;
PIP-00061;"Pipa Galv 3/4""";PIPE/FITTING;PCS;2;5;4;NON AC;
PIP-00062;"Pipa Ss304 Sch10 Seamless 3/4""";PIPE/FITTING;PCS;2;5;10;NON AC;
PIP-00063;"Pipa Cs Sch40 1.5""";PIPE/FITTING;PCS;2;5;66;NON AC;
PIP-00064;"Pipa Cs Sch 20 3""";PIPE/FITTING;PCS;2;5;3;NON AC;
PIP-00065;"Pipa Ss304 Sch10 1/2""";PIPE/FITTING;PCS;2;5;11;NON AC;
RWM-00004;Plat Bar Ss 304 20x5mmx6mtr;RAW MATERIAL;PCS;0;1;3;NON AC;
RWM-00005;Plat Bordes 1.5x4x8 Ss;RAW MATERIAL;LBR;0;1;1;NON AC;
VLV-00011;"Steam Ball Valve 1"" Verul Ss 316";VALVE;PCS;1;2;1;NON AC;
VLV-00012;"Steam Ball Valve 1/2"" Drat";VALVE;PCS;1;2;2;NON AC;
VLV-00013;"Steam Ball Valve Flange 1"" Ss 304";VALVE;PCS;1;2;5;NON AC;
VLV-00014;"Steam Ball Valve Flange 3/4"" Ss 316";VALVE;PCS;1;2;4;NON AC;
STM-00003;"Steam Trap Ball Float 1""";STEAM COMPONENT;PCS;1;2;1;NON AC;
STM-00004;"Steam Trap Ball Float 3/4"" Bsp Ft14-10tv";STEAM COMPONENT;PCS;1;2;2;NON AC;
PIP-00066;"Strainer Steam Drat 1""";PIPE/FITTING;PCS;2;5;5;NON AC;
PIP-00067;"Strainer Steam Drat 1"" Ss";PIPE/FITTING;PCS;2;5;3;NON AC;
PIP-00068;"Strainer Steam Drat 1/2""";PIPE/FITTING;PCS;2;5;5;NON AC;
PIP-00069;"Strainer Steam Drat 1/2"" Ss";PIPE/FITTING;PCS;2;5;3;NON AC;
PIP-00070;"Strainer Steam Drat 3/4""";PIPE/FITTING;PCS;2;5;2;NON AC;
PIP-00071;"Strainer Steam Drat 3/4"" Ss";PIPE/FITTING;PCS;2;5;3;NON AC;
RWM-00006;Siku Ss 304 30x30x3mmx6mtr;RAW MATERIAL;PCS;0;1;16;NON AC;
RWM-00007;Siku Ss 20*20*2mm*6m;RAW MATERIAL;PCS;0;1;4;NON AC;
PIP-00072;"Strainer Fig12y 1/2"" Bsp Spirax Sarco";PIPE/FITTING;PCS;2;5;1;NON AC;
RWM-00008;Siku Ss 40x40x40mmx6m;RAW MATERIAL;PCS;0;1;10;NON AC;
PIP-00073;Strainer Y- Fig33 100mesh Dn20 Pn16 Spirax;PIPE/FITTING;PAK;2;5;4;NON AC;
RWM-00009;Siku Besi 40x40x4mm;RAW MATERIAL;CAR;0;1;4;NON AC;
PIP-00074;"Tee Reducer Cs Sch 40 2x1""";PIPE/FITTING;PCS;2;5;1;NON AC;
STM-00005;"Td42h Thermodynamic Steam Trap 3/4"" Bps Spirax Sarco";STEAM COMPONENT;PCS;1;2;2;NON AC;
STM-00006;"Td42h Thermodynamic Steam Trap 1/2"" Bps Spirax Sarco";STEAM COMPONENT;PCS;1;2;9;NON AC;
STM-00007;Td32f Thermodynamic Steam Trap Dn20 Pn40 Spirax Sarco;STEAM COMPONENT;PCS;1;2;1;NON AC;
STM-00008;"U-syphon 3/8"" Bsp Spirax Sarco";STEAM COMPONENT;PCS;1;2;2;NON AC;
PIP-00075;"Verlock Sock Cs Sch20 3x1.5""";PIPE/FITTING;PCS;2;5;2;NON AC;
OTH-00009;Avur;LAIN-LAIN;PCS;0;1;2;NON AC;
VLV-00015;"Ball Valve Kuningan 1 1/2""";VALVE;PCS;1;2;10;NON AC;
VLV-00016;"Ball Valve Pvc1 1/4""";VALVE;PCS;1;2;7;NON AC;
VLV-00017;"Ball Valve Kuningan 1""";VALVE;PCS;1;2;5;NON AC;
VLV-00018;"Ball Valve Kuningan 1/2""";VALVE;PCS;1;3;11;NON AC;
VLV-00019;Ball Valve Ss 1/2;VALVE;PCS;1;2;30;NON AC;
VLV-00020;"Ball Valve Pvc 2""";VALVE;PCS;1;2;4;NON AC;
VLV-00021;"Ball Valve Ss 3/4""";VALVE;PCS;1;2;14;NON AC;
VLV-00022;"Ball Valve Kuningan 11/4""";VALVE;PCS;1;2;7;NON AC;
VLV-00023;Ball Valve Pvc 3/4;VALVE;PCS;1;2;49;NON AC;
VLV-00024;"Batterfly Valve Ss 316 1 1/2"" Silicon";VALVE;PCS;1;2;1;NON AC;
VLV-00025;"Batterfly Valve Ss 316 1"" Silicon";VALVE;PCS;1;2;3;NON AC;
VLV-00026;"Ball Valve Pvc 1""";VALVE;PCS;1;2;20;NON AC;
VLV-00027;"Ball Valve Ss 1/4""";VALVE;PCS;1;2;9;NON AC;
VLV-00028;"Ball Valve Drat Kuningan 3/4""";VALVE;PCS;1;2;7;NON AC;
VLV-00029;"Ball Valve Mini-fm 1/4""";VALVE;PCS;1;2;3;NON AC;
VLV-00030;"Ball Valve Mini Ff 1/2""";VALVE;PCS;1;2;5;NON AC;
VLV-00031;"Ball Valve Steam Cs Drat 1/2""";VALVE;PCS;1;2;2;NON AC;
VLV-00032;"Ball Valve Ss 1""";VALVE;PCS;1;2;10;NON AC;
VLV-00033;"Ball Valve Pvc 1/2""";VALVE;PCS;1;2;3;NON AC;
VLV-00034;"Ball Valve Pvc 1.5""";VALVE;PCS;1;2;4;NON AC;
VLV-00035;"Ball Valve Ss 304 3/8""";VALVE;PCS;1;2;2;NON AC;
VLV-00036;"Check Valve 1/4""";VALVE;PCS;1;2;5;NON AC;
VLV-00037;"Check Valve 2""";VALVE;PCS;1;2;8;NON AC;
PIP-00076;Coupler Ph-20;PIPE/FITTING;PCS;2;5;8;NON AC;
PIP-00077;Coupler Sm 40;PIPE/FITTING;PCS;2;5;15;NON AC;
VLV-00038;Check Valve 1/2;VALVE;PCS;1;2;5;NON AC;
PIP-00078;Coupler Ph-30;PIPE/FITTING;PCS;2;5;4;NON AC;
PIP-00079;Coupler Cabang Y 1/2;PIPE/FITTING;PCS;2;5;10;NON AC;
PIP-00080;Coupler Pu. 5pl;PIPE/FITTING;PCS;2;5;2;NON AC;
VLV-00039;Cartridge Ceramic Kran San-ei;VALVE;PCS;1;2;4;NON AC;
PIP-00081;Coupler Sh-20;PIPE/FITTING;PCS;2;5;10;NON AC;
PIP-00082;Double Napple Galv 1;PIPE/FITTING;PCS;2;5;17;NON AC;
PIP-00083;Double Napple Galv 1/2;PIPE/FITTING;PCS;2;5;25;NON AC;
PIP-00084;Double Napple Galv 3/4;PIPE/FITTING;PCS;2;5;9;NON AC;
PIP-00085;Double Napple Pvc 1;PIPE/FITTING;PCS;2;5;19;NON AC;
PIP-00086;Double Napple Pvc 1/2;PIPE/FITTING;PCS;2;5;17;NON AC;
PIP-00087;Double Napple Pvc 3/4;PIPE/FITTING;PCS;2;5;7;NON AC;
PIP-00088;"Double Napple Ss 1""";PIPE/FITTING;PCS;2;5;27;NON AC;
PIP-00089;Double Napple Ss 1/2;PIPE/FITTING;PCS;2;5;20;NON AC;
PIP-00090;Double Nepple Galv 2;PIPE/FITTING;PCS;2;5;6;NON AC;
PIP-00091;"Dop Drat Galv 1/2""";PIPE/FITTING;PCS;2;5;6;NON AC;
PIP-00092;"Dop Drat Galv 3/4""";PIPE/FITTING;PCS;2;5;10;NON AC;
PIP-00093;"Dop Drat Galv 1""";PIPE/FITTING;PCS;2;5;8;NON AC;
PIP-00094;"Double Nepple Ss 304 3/4""";PIPE/FITTING;PCS;2;5;27;NON AC;
PIP-00095;"Double Nepple Galv 11/4""";PIPE/FITTING;PCS;2;5;15;NON AC;
PIP-00096;"Double Nepple Galv 3/8""";PIPE/FITTING;PCS;2;5;9;NON AC;
PIP-00097;Double Nepple Ss 304 2;PIPE/FITTING;PCS;2;5;6;NON AC;
PIP-00098;"Double Nepple Ss 304 1.5""";PIPE/FITTING;PCS;2;5;11;NON AC;
PIP-00099;"Double Nepple Ss 3/8""";PIPE/FITTING;PCS;2;5;4;NON AC;
PIP-00100;"Double Nepple Ss 1/4""";PIPE/FITTING;PCS;2;5;4;NON AC;
PIP-00101;"Dop Drat Pvc 1""";PIPE/FITTING;PCS;2;5;9;NON AC;
OTH-00010;"Dop Pvc 3""";LAIN-LAIN;PCS;0;1;1;NON AC;
PIP-00102;"Double Nepple Galv 3""";PIPE/FITTING;PCS;2;5;3;NON AC;
OTH-00011;"Dop Pvc 1/2""";LAIN-LAIN;PCS;0;1;5;NON AC;
OTH-00012;"Dop Pvc 3/4""";LAIN-LAIN;PCS;0;1;4;NON AC;
OTH-00013;"Dop Pvc 4""";LAIN-LAIN;PCS;0;1;1;NON AC;
PIP-00103;"Double Nipple Galv 2.5""";PIPE/FITTING;PCS;2;5;4;NON AC;
PIP-00104;Elbow/knee Besi 1;PIPE/FITTING;PCS;2;5;12;NON AC;
PIP-00105;Elbow/knee Besi 3/4;PIPE/FITTING;PCS;2;5;2;NON AC;
PIP-00106;Elbow/knee Cs 1;PIPE/FITTING;PCS;2;5;7;NON AC;
PIP-00107;Elbow/knee Cs 2;PIPE/FITTING;PCS;2;5;1;NON AC;
PIP-00108;Elbow/knee Cs 3/4;PIPE/FITTING;PCS;2;5;11;NON AC;
PIP-00109;Elbow/knee Drat Ss 1 1/2;PIPE/FITTING;PCS;2;5;3;NON AC;
PIP-00110;Elbow/knee Drat Ss 1;PIPE/FITTING;PCS;2;5;21;NON AC;
PIP-00111;Elbow/knee Drat Ss 3/4;PIPE/FITTING;PCS;2;5;22;NON AC;
PIP-00112;Elbow/knee Pvc 90 1 1/2;PIPE/FITTING;PCS;2;5;26;NON AC;
PIP-00113;Elbow/knee Pvc 90 1 1/4;PIPE/FITTING;PCS;2;5;4;NON AC;
PIP-00114;Elbow/knee Pvc 1;PIPE/FITTING;PCS;2;5;75;NON AC;
PIP-00115;Elbow/knee Pvc 1/2;PIPE/FITTING;PCS;2;5;58;NON AC;
PIP-00116;Elbow/knee Pvc 2;PIPE/FITTING;PCS;2;5;27;NON AC;
PIP-00117;Elbow/knee Pvc 3/4;PIPE/FITTING;PCS;2;5;72;NON AC;
PIP-00118;Elbow/knee Pvc 45 1 1/2;PIPE/FITTING;PCS;2;5;0;NON AC;
PIP-00119;Elbow/knee Pvc 45 2;PIPE/FITTING;PCS;2;5;1;NON AC;
PIP-00120;Elbow/knee Ss 1;PIPE/FITTING;PCS;2;5;27;NON AC;
PIP-00121;Elbow/knee Ss 1/2;PIPE/FITTING;PCS;2;5;39;NON AC;
PIP-00122;Elbow/knee Ss 2;PIPE/FITTING;PCS;2;5;6;NON AC;
PIP-00123;Elbow/knee Ss 3;PIPE/FITTING;PCS;2;5;5;NON AC;
PIP-00124;Elbow/knee Ss 3/4;PIPE/FITTING;PCS;2;5;15;NON AC;
PIP-00125;Elbow/knee Ss 304 Sch 40 1;PIPE/FITTING;PCS;2;5;2;NON AC;
PIP-00126;Elbow/knee Ss 4;PIPE/FITTING;PCS;2;5;1;NON AC;
PIP-00127;Elbow/knee Ss Sanitary 1 1/2;PIPE/FITTING;PCS;2;5;9;NON AC;
PIP-00128;Elbow/knee Ss Sanitary 1;PIPE/FITTING;PCS;2;5;20;NON AC;
PIP-00129;Elbow/knee Ss Sanitary 3;PIPE/FITTING;PCS;2;5;7;NON AC;
PIP-00130;Elbow/knee Sus 304 Sch 40 11/2;PIPE/FITTING;PCS;2;5;8;NON AC;
PIP-00131;Elbow/knee Sus 304 Sch 40 11/4;PIPE/FITTING;PCS;2;5;2;NON AC;
PIP-00132;"Elbow Hdpe 2""";PIPE/FITTING;PCS;2;5;6;NON AC;
PIP-00133;Elbow/knee Galv 11/2;PIPE/FITTING;PCS;2;5;5;NON AC;
PIP-00134;"Elbow Cs Sch40 Ss 1/2""";PIPE/FITTING;PCS;2;5;37;NON AC;
PIP-00135;"Elbow Ss 304 Sch 10 2""";PIPE/FITTING;PCS;2;5;5;NON AC;
PIP-00136;"Elbow/knee Pvc 45 4""";PIPE/FITTING;PCS;2;5;11;NON AC;
PIP-00137;"Elbow/knee Pvc 10"" 90";PIPE/FITTING;PCS;2;5;2;NON AC;
PIP-00138;"Elbow/knee Pvc 10""";PIPE/FITTING;PCS;2;5;11;NON AC;
PIP-00139;"Elbow/knee Drat Galvanis 2""";PIPE/FITTING;PCS;2;5;10;NON AC;
PIP-00140;"Elbow/knee Ppr 3/4""";PIPE/FITTING;PCS;2;5;30;NON AC;
PIP-00141;"Elbow/knee Drat Dalam Pvc 1/2""";PIPE/FITTING;PCS;2;5;19;NON AC;
PIP-00142;"Elbow/knee Galvanis 3""";PIPE/FITTING;PCS;2;5;5;NON AC;
PIP-00143;"Elbow/knee Sus 304 Sch10 11/2""";PIPE/FITTING;PCS;2;5;4;NON AC;
PIP-00144;"Elbow/knee Ppr 1""";PIPE/FITTING;PCS;2;5;6;NON AC;
PIP-00145;"Elbow/knee Ppr 1.5""";PIPE/FITTING;PCS;2;5;2;NON AC;
PIP-00146;"Elbow/knee Ppr 2""";PIPE/FITTING;PCS;2;5;8;NON AC;
PIP-00147;"Elbow/knee Drat Galv 1.5""";PIPE/FITTING;PCS;2;5;4;NON AC;
PIP-00148;"Elbow/knee Pvc 3""";PIPE/FITTING;PCS;2;5;6;NON AC;
PIP-00149;"Elbow/knee Drat Ss 1/4""";PIPE/FITTING;PCS;2;5;6;NON AC;
PIP-00150;"Elbow/knee Pvc 2.5""";PIPE/FITTING;PCS;2;5;6;NON AC;
PIP-00151;"Elbow/knee Pvc 90 4""";PIPE/FITTING;PCS;2;5;6;NON AC;
PIP-00152;Elbow/knee Drat Galvanis 2.5;PIPE/FITTING;PCS;2;5;4;NON AC;
VLV-00040;Foot Valve/tusen Kuningan 1;VALVE;PCS;1;2;10;NON AC;
VLV-00041;"Foot Valve/tusen Kuningan 2""";VALVE;PCS;1;2;2;NON AC;
VLV-00042;Foot Valve/tusen Kuningan 3/4;VALVE;PCS;1;2;2;NON AC;
VLV-00043;Foot Klep/tusen Pvc 2;VALVE;PCS;1;2;1;NON AC;
VLV-00044;"Foot Klep/tusen 2"" Pn16 (m/gentong)";VALVE;PCS;1;2;1;NON AC;
SWT-00011;Flow Switch Ch;SWITCH/SAKLAR;PCS;2;5;5;NON AC;
SWT-00012;Float Switch 3/4;SWITCH/SAKLAR;PCS;2;5;6;NON AC;
VLV-00045;Foot Klep/tusen Sailing 2;VALVE;PCS;1;2;4;NON AC;
VLV-00046;Foot Klep/tusen Sailing 11/2;VALVE;PCS;1;2;8;NON AC;
VLV-00047;"Foot Klep/tusen Sailing 1""";VALVE;PCS;1;2;5;NON AC;
VLV-00048;"Gate Valve 1""";VALVE;PCS;1;2;4;NON AC;
VLV-00049;"Gate Valve 1/2""";VALVE;PCS;1;2;1;NON AC;
VLV-00050;"Gate Valve 3/4""";VALVE;PCS;1;2;3;NON AC;
VLV-00051;"Gate Valve 4""";VALVE;PCS;1;2;1;NON AC;
VLV-00052;"Globe Valve 1/2""";VALVE;PCS;1;2;3;NON AC;
VLV-00053;"Globe Valve 2 1/2""";VALVE;PCS;1;2;1;NON AC;
VLV-00054;"Globe Valve 2""";VALVE;PCS;1;2;2;NON AC;
VLV-00055;"Globe Valve 3/4""";VALVE;PCS;1;2;8;NON AC;
VLV-00056;"Globe Valve Steam Drat 1""";VALVE;PCS;1;2;5;NON AC;
VLV-00057;"Gate Valve 2"" Kuningan Kitz";VALVE;PCS;1;2;3;NON AC;
VLV-00058;"Gate Valve Ss 304 1/2"" Kitz";VALVE;PCS;1;2;3;NON AC;
VLV-00059;"Gate Valve 1 1/2""";VALVE;PCS;1;2;4;NON AC;
VLV-00060;Gate Valve Kitz 3/8 Kuningan;VALVE;PCS;1;2;5;NON AC;
PMP-00001;Impeler;PUMP COMPONENT;PCS;1;2;3;NON AC;
PIP-00153;Elbow/knee Galvanis 1;PIPE/FITTING;PCS;2;5;20;NON AC;
PIP-00154;Elbow/knee Galvanis 1/2;PIPE/FITTING;PCS;2;5;9;NON AC;
VLV-00061;"Kran Taman 1/2""";VALVE;PCS;1;2;8;NON AC;
VLV-00062;"Kran Tembok 1/2""";VALVE;PCS;1;2;13;NON AC;
VLV-00063;"Kran Tembok Leher Angsa 1/2""";VALVE;PCS;1;3;8;NON AC;
VLV-00064;"Kran Wastafel 1/2""";VALVE;PCS;1;2;2;NON AC;
PIP-00155;Elbow/knee Pvc 11/4;PIPE/FITTING;PCS;2;5;19;NON AC;
PIP-00156;Elbow/knee Drat Galv 11/4;PIPE/FITTING;PCS;2;5;3;NON AC;
PIP-00157;Elbow/knee Drat Galv 1;PIPE/FITTING;PCS;2;5;6;NON AC;
SWT-00013;Mini Float Level Switch;SWITCH/SAKLAR;PCS;2;5;5;NON AC;
SOG-00008;Mechanical Seal 9 468 2n 5e3;SEAL/ORING/GASKET;PCS;2;5;2;NON AC;
SOG-00009;Mech Seal Contra Byy 40/25/1.5 Aee03/c/sts/epdm;SEAL/ORING/GASKET;PCS;2;5;4;NON AC;
SOG-00010;Mechanical Seal Chl 8-50;SEAL/ORING/GASKET;PCS;2;5;4;NON AC;
SOG-00011;Mechanical Seal Pompa Lowara 350/05/a;SEAL/ORING/GASKET;PCS;2;5;4;NON AC;
PMP-00002;Otomatis Pompa Jp 1/4;PUMP COMPONENT;PCS;1;2;5;NON AC;
PMP-00003;Otomatis Pompa 3/8;PUMP COMPONENT;PCS;1;2;1;NON AC;
OTH-00014;"Onion 1""";LAIN-LAIN;PCS;0;1;2;NON AC;
PMP-00004;Oring Pompa Cnp Chl 8-50 Besar;PUMP COMPONENT;PCS;1;2;4;NON AC;
PMP-00005;Oring Pompa Cnp Chl 8-50 Kecil;PUMP COMPONENT;PCS;1;2;4;NON AC;
LMP-00041;"Pelampung Ball 1""";LAMP;PCS;5;10;6;NON AC;
LMP-00042;"Pelampung Ball 1/2""";LAMP;PCS;5;10;6;NON AC;
LMP-00043;"Pelampung Ball 3/4""";LAMP;PCS;5;10;4;NON AC;
PIP-00158;"Plug Drat Luar Pvc 1 1/2""";PIPE/FITTING;PCS;2;5;9;NON AC;
PIP-00159;"Plug Drat Luar Pvc 1""";PIPE/FITTING;PCS;2;5;9;NON AC;
PIP-00160;"Plug Pvc 1""";PIPE/FITTING;PCS;2;5;12;NON AC;
PIP-00161;"Plug Pvc 1/2""";PIPE/FITTING;PCS;2;5;23;NON AC;
PIP-00162;Plug Pvc 3/4;PIPE/FITTING;PCS;2;5;23;NON AC;
PIP-00163;"Pipa Pvc 1""";PIPE/FITTING;PCS;2;5;85;NON AC;
PIP-00164;"Pipa Pvc 1.5""";PIPE/FITTING;BTG;2;5;25;NON AC;
LMP-00044;Pelampung Radar;LAMP;PCS;5;10;4;NON AC;
PIP-00165;"Plug Galvanis 11/4""";PIPE/FITTING;PCS;2;5;8;NON AC;
PIP-00166;"Plug Galvanis 1""";PIPE/FITTING;PCS;2;5;13;NON AC;
PIP-00167;"Pipa Galvanis 1""";PIPE/FITTING;BTG;2;5;6;NON AC;
PIP-00168;"Pipa Galvanis 1.5""";PIPE/FITTING;PCS;2;5;8;NON AC;
PIP-00169;"Pipa Pvc 1/2""";PIPE/FITTING;BTG;2;5;34;NON AC;
PIP-00170;"Pipa Pvc 3/4""";PIPE/FITTING;BTG;2;5;45;NON AC;
PIP-00171;"Pipa Pvc 5""";PIPE/FITTING;BTG;2;5;5;NON AC;
PIP-00172;"Plug Galvanis 1/2""";PIPE/FITTING;PCS;2;5;12;NON AC;
PIP-00173;"Plug Galvanis 11/2""";PIPE/FITTING;PCS;2;5;2;NON AC;
TNK-00001;Pressure Tank Gt-h-18 Pn10 G3/4 V Pn.96526322;TANK/RESERVOIR;PCS;1;1;4;NON AC;
PIP-00174;"Plug Drat Galv 3/4""";PIPE/FITTING;PCS;2;5;8;NON AC;
PIP-00175;"Plug Drat Galv 1/2""";PIPE/FITTING;PCS;2;5;6;NON AC;
PIP-00176;Pipa Flexible 1/2-500mm (wastafel);PIPE/FITTING;PCS;2;5;5;NON AC;
PIP-00177;"Pipa Ornament Ssn304 3/4"" 19mm X6m";PIPE/FITTING;PCS;2;5;4;NON AC;
PIP-00178;"Pipa Pvc 4""";PIPE/FITTING;PCS;2;5;15;NON AC;
PIP-00179;"Pipa Pvc 10""";PIPE/FITTING;PCS;2;5;14;NON AC;
LMP-00045;"Pelampung Bola 2"" V57 San-ei";LAMP;PCS;5;10;1;NON AC;
PIP-00180;Pipa Galvanis 11/4;PIPE/FITTING;BTG;2;5;4;NON AC;
PIP-00181;"Pipa Ornament Ss 304 3""";PIPE/FITTING;PCS;2;5;1;NON AC;
PIP-00182;"Pipa Ppr 3/4""";PIPE/FITTING;BTG;2;5;23;NON AC;
PIP-00183;"Plug Ss 304 1/2""";PIPE/FITTING;PCS;2;5;5;NON AC;
PIP-00184;"Plug Ss 304 1/4""";PIPE/FITTING;PCS;2;5;6;NON AC;
PIP-00185;"Pipa Galvanis 3""";PIPE/FITTING;BTG;2;5;8;NON AC;
PIP-00186;"Pipa Galvanis 2.5""";PIPE/FITTING;PCS;2;5;2;NON AC;
LMP-00046;"Pelampung Geberit Tg 271217 Toto 1/2""";LAMP;PCS;5;10;4;NON AC;
PIP-00187;Pipa Flexible 1/2-300mm Ss;PIPE/FITTING;PCS;2;5;7;NON AC;
PIP-00188;Plug Kuningan 1/4;PIPE/FITTING;PCS;2;5;1;NON AC;
PIP-00189;"Pipa Ppr 1.5""";PIPE/FITTING;BTG;2;5;4;NON AC;
PIP-00190;"Pipa Ppr 1""";PIPE/FITTING;PCS;2;5;4;NON AC;
PIP-00191;"Pipa Sanitary Ss316 1/2""";PIPE/FITTING;PCS;2;5;6;NON AC;
PIP-00192;"Pipa Ppr 2""";PIPE/FITTING;PCS;2;5;14;NON AC;
PIP-00193;"Pipa Ppr 11/4""";PIPE/FITTING;PCS;2;5;6;NON AC;
PIP-00194;"Pipa Ppr Pn10 3/4""";PIPE/FITTING;BTG;2;5;6;NON AC;
PIP-00195;"P Trap Pvc 1.5""";PIPE/FITTING;PCS;2;5;2;NON AC;
PIP-00196;"Pipa Pvc 2.5""";PIPE/FITTING;PCS;2;5;6;NON AC;
PIP-00197;"Pipa Pvc 2""";PIPE/FITTING;PCS;2;5;21;NON AC;
SWT-00014;"Press Switch Fanal Ff 4-8 Dah 3/8""";SWITCH/SAKLAR;PCS;2;5;2;NON AC;
PIP-00198;"Plug Drat Ss304 3/4""";PIPE/FITTING;PCS;2;5;4;NON AC;
PIP-00199;"Pipa Galvanis 1/2""";PIPE/FITTING;PCS;2;5;8;NON AC;
SWT-00015;Pressure Switch Tele;SWITCH/SAKLAR;PCS;2;5;3;NON AC;
PIP-00200;"Pipa Pvc 1 1/4""";PIPE/FITTING;PCS;2;5;7;NON AC;
PIP-00201;"Pipa Pvc 8""";PIPE/FITTING;PCS;2;5;1;NON AC;
PIP-00202;Reducer Cs Sch 40 Ss 1;PIPE/FITTING;PCS;2;5;2;NON AC;
PIP-00203;"Reducer Pvc 1*3/4""";PIPE/FITTING;PCS;2;5;18;NON AC;
PIP-00204;"Reducer Pvc 1.5*1""";PIPE/FITTING;PCS;2;5;14;NON AC;
PIP-00205;Reducer Pvc 1*1/2;PIPE/FITTING;PCS;2;5;9;NON AC;
PIP-00206;Reducer Pvc 2*1;PIPE/FITTING;PCS;2;5;6;NON AC;
PIP-00207;"Reducer Ss 304 Sch 40 4""x2""";PIPE/FITTING;PCS;2;5;2;NON AC;
PIP-00208;"Reducer Pvc 3/4""x1/2""";PIPE/FITTING;PCS;2;5;10;NON AC;
OTH-00015;"Reduceer Ss 304 3/4""x1/2""";LAIN-LAIN;PCS;0;1;4;NON AC;
PIP-00209;"Reducer Pvc 2.5""x1.5""";PIPE/FITTING;PCS;2;5;2;NON AC;
PIP-00210;"Reducer Ss304 Sch20 3/4""x1/2""";PIPE/FITTING;PCS;2;5;5;NON AC;
PIP-00211;"Reducer Ss 304 Sch10 1/2""x1""";PIPE/FITTING;PCS;2;5;4;NON AC;
VLV-00065;"Safety Valve 1/2"" Drat";VALVE;MTR;1;2;1;NON AC;
VLV-00066;"Safety Valve 3/4""";VALVE;PCS;1;2;2;NON AC;
PIP-00212;Selang Shower 1,2 M;PIPE/FITTING;PCS;2;5;2;NON AC;
VLV-00067;"Selenoid Valve 220v 1""";VALVE;PCS;1;2;2;NON AC;
VLV-00068;"Selenoid Valve 220v 3/4""";VALVE;PCS;1;2;1;NON AC;
PIP-00213;"Sivon Steam 1/2""";PIPE/FITTING;PCS;2;5;1;NON AC;
PIP-00214;"Sivon Steam 3/8""";PIPE/FITTING;PCS;2;5;2;NON AC;
PIP-00215;"Sivon Wastafel 11/4""";PIPE/FITTING;PCS;2;5;1;NON AC;
SCK-00015;"Sock Drat Dalam Pvc 1 1/2""";SOCKET/STECKER;PCS;2;5;13;NON AC;
SCK-00016;"Sock Drat Dalam Pvc 1 1/4""";SOCKET/STECKER;PCS;2;5;9;NON AC;
SCK-00017;"Sock Drat Dalam Pvc 1-3/4""";SOCKET/STECKER;PCS;2;5;3;NON AC;
SCK-00018;"Sock Drat Dalam Pvc 1""";SOCKET/STECKER;PCS;2;5;27;NON AC;
SCK-00019;"Sock Drat Dalam Pvc 1/2-3/4""";SOCKET/STECKER;PCS;2;5;7;NON AC;
SCK-00020;"Sock Drat Dalam Pvc 1/2""";SOCKET/STECKER;PCS;2;5;20;NON AC;
SCK-00021;"Sock Drat Dalam Pvc 3/4""";SOCKET/STECKER;PCS;2;5;34;NON AC;
SCK-00022;"Sock Drat Luar Pvc 1 1/2""";SOCKET/STECKER;PCS;2;5;25;NON AC;
SCK-00023;Sock Drat Luar Pvc 1 1/4;SOCKET/STECKER;PCS;2;5;22;NON AC;
SCK-00024;"Sock Drat Luar Pvc 1""";SOCKET/STECKER;PCS;2;5;37;NON AC;
SCK-00025;"Sock Drat Luar Pvc 1/2-3/4""";SOCKET/STECKER;PCS;2;5;6;NON AC;
SCK-00026;"Sock Drat Luar Pvc 1/2""";SOCKET/STECKER;PCS;2;5;40;NON AC;
SCK-00027;"Sock Drat Ss 1""";SOCKET/STECKER;PCS;2;5;22;NON AC;
SCK-00028;"Sock Drat Ss 3/4""";SOCKET/STECKER;PCS;2;5;1;NON AC;
SCK-00029;"Sock Drat Ss 3/8""";SOCKET/STECKER;PCS;2;5;5;NON AC;
SCK-00030;"Sock Pvc 1 1/4""";SOCKET/STECKER;PCS;2;5;6;NON AC;
SCK-00031;"Sock Pvc 1""";SOCKET/STECKER;PCS;2;5;41;NON AC;
SCK-00032;"Sock Pvc 1/2""";SOCKET/STECKER;PCS;2;5;56;NON AC;
SCK-00033;"Sock Pvc 2""";SOCKET/STECKER;PCS;2;5;9;NON AC;
SCK-00034;"Sock Pvc 3/4""";SOCKET/STECKER;PCS;2;5;43;NON AC;
VLV-00069;"Srv 1"" Drat Ss 316";VALVE;PCS;1;2;1;NON AC;
PIP-00216;"Strainer 1""";PIPE/FITTING;PCS;2;5;6;NON AC;
PIP-00217;"Strainer 3/4"" Kuningan";PIPE/FITTING;PCS;2;5;1;NON AC;
PIP-00218;"Strainer Air Drat 3/4""";PIPE/FITTING;PCS;2;5;1;NON AC;
PIP-00219;Selang Pu , Orange 4*6 Sachio;PIPE/FITTING;MTR;2;5;200;NON AC;
PIP-00220;Selang Pu Orange 6.5x10mm;PIPE/FITTING;MTR;2;5;300;NON AC;
SCK-00035;"Sock Drat Dalam Pvc 2""";SOCKET/STECKER;PCS;2;5;4;NON AC;
SCK-00036;"Sock Drat Galvanis 1/2""";SOCKET/STECKER;PCS;2;5;9;NON AC;
SCK-00037;Sock Drat Galvanis 1;SOCKET/STECKER;PCS;2;5;9;NON AC;
SCK-00038;"Sock Drat Luar Pvc 3/4""";SOCKET/STECKER;PCS;2;5;28;NON AC;
SCK-00039;Sock Galvanis 11/2;SOCKET/STECKER;PCS;2;5;3;NON AC;
SCK-00040;"Sock Drat Dalam Ss 304 2""";SOCKET/STECKER;PCS;2;5;5;NON AC;
PIP-00221;Sivon San-ei Phn71p-trap (silver);PIPE/FITTING;PCS;2;5;4;NON AC;
SCK-00041;"Sock Pvc 11/2""";SOCKET/STECKER;PCS;2;5;20;NON AC;
SCK-00042;"Sock Drat Galv 3/8""";SOCKET/STECKER;PCS;2;5;4;NON AC;
SCK-00043;"Sock Drat Ss 1/2""";SOCKET/STECKER;PCS;2;5;47;NON AC;
PIP-00222;Selang Spiral (recoil);PIPE/FITTING;PCS;2;5;0;NON AC;
SCK-00044;"Sock Pvc 4""";SOCKET/STECKER;PCS;2;5;6;NON AC;
SCK-00045;"Sock Drat Dalam Pvc 3""";SOCKET/STECKER;PCS;2;5;4;NON AC;
VLV-00070;Stop Valve San-ei Pvn230;VALVE;PCS;1;2;2;NON AC;
SCK-00046;"Sock Drat Galvanis 3""";SOCKET/STECKER;PCS;2;5;5;NON AC;
SCK-00047;"Sock Ppr 3/4""";SOCKET/STECKER;PCS;2;5;7;NON AC;
SCK-00048;"Sock Drat Luar Ppr 1/2""";SOCKET/STECKER;PCS;2;5;4;NON AC;
SCK-00049;Sock Drat Luar Kuningan 1/4;SOCKET/STECKER;PCS;2;5;2;NON AC;
SCK-00050;"Sock Drat Luar Ppr 1""";SOCKET/STECKER;PCS;2;5;6;NON AC;
SCK-00051;"Sock Ppr 1""";SOCKET/STECKER;PCS;2;5;4;NON AC;
SCK-00052;"Sock Ppr 2""";SOCKET/STECKER;PCS;2;5;6;NON AC;
SCK-00053;"Sock Drat Luar Ppr 2""";SOCKET/STECKER;PCS;2;5;11;NON AC;
PIP-00223;"Stube Flange Ppr 2""";PIPE/FITTING;PCS;2;5;6;NON AC;
PIP-00224;"Strainer Kuningan 2""";PIPE/FITTING;PCS;2;5;2;NON AC;
SCK-00054;"Sock Drat Luar Ppr 1.5""";SOCKET/STECKER;PCS;2;5;5;NON AC;
SCK-00055;"Sock Drat Luar Pvc 2""";SOCKET/STECKER;PCS;2;5;17;NON AC;
SCK-00056;"Sock Drat Ss 1/4""";SOCKET/STECKER;PCS;2;5;6;NON AC;
SCK-00057;Sock Pvc 2.5;SOCKET/STECKER;PCS;2;5;10;NON AC;
PIP-00225;Sivon Paloma Brss Basin Trap Popup Pipe 1202;PIPE/FITTING;PCS;2;5;3;NON AC;
SCK-00058;"Sock Drat Luar Pvc 3""";SOCKET/STECKER;PCS;2;5;1;NON AC;
SCK-00059;"Sock Galvanis 11/4""";SOCKET/STECKER;PCS;2;5;6;NON AC;
PIP-00226;Strainer Y 1.5 Kitz;PIPE/FITTING;PCS;2;5;2;NON AC;
SCK-00060;"Sock Drat Ss 1.5""";SOCKET/STECKER;PCS;2;5;4;NON AC;
VLV-00071;"Swing Check Valve Ss 316 1/2""";VALVE;PCS;1;2;7;NON AC;
VLV-00072;"Swing Check Valve Pvc 2""";VALVE;PCS;1;2;2;NON AC;
SCK-00061;Sock Drat Dalam 1/2 Kuningan;SOCKET/STECKER;PCS;2;5;4;NON AC;
SCK-00062;"Sock Drat Ss 4""";SOCKET/STECKER;PCS;2;5;2;NON AC;
SCK-00063;"Sock Drat Luar Pvc 4""";SOCKET/STECKER;PCS;2;5;4;NON AC;
PIP-00227;Selang Pu 6x8;PIPE/FITTING;MTR;2;5;100;NON AC;
SCK-00064;"Sock Drat Galvanis 2.5""";SOCKET/STECKER;PCS;2;5;4;NON AC;
PIP-00228;"Tee Besi 1""";PIPE/FITTING;PCS;2;5;2;NON AC;
PIP-00229;"Tee Besi 3/4""";PIPE/FITTING;PCS;2;5;6;NON AC;
PIP-00230;"Tee Cs 1""";PIPE/FITTING;PCS;2;5;1;NON AC;
PIP-00231;"Tee Cs 3/4""";PIPE/FITTING;PCS;2;5;6;NON AC;
PIP-00232;"Tee Drat Ss 1""";PIPE/FITTING;PCS;2;5;10;NON AC;
PIP-00233;"Tee Drat Ss 1/2""";PIPE/FITTING;PCS;2;5;10;NON AC;
PIP-00234;"Tee Drat Ss 3/4""";PIPE/FITTING;PCS;2;5;10;NON AC;
PIP-00235;"Tee Galvanis 1/2""";PIPE/FITTING;PCS;2;5;4;NON AC;
PIP-00236;"Tee Pvc 1""";PIPE/FITTING;PCS;2;5;32;NON AC;
PIP-00237;"Tee Pvc 1/2""";PIPE/FITTING;PCS;2;5;33;NON AC;
PIP-00238;"Tee Pvc 2""";PIPE/FITTING;PCS;2;5;3;NON AC;
PIP-00239;"Tee Pvc 3/4""";PIPE/FITTING;PCS;2;5;29;NON AC;
PIP-00240;"Tee Ss 1 1/2""";PIPE/FITTING;PCS;2;5;2;NON AC;
PIP-00241;"Tee Ss 1""";PIPE/FITTING;PCS;2;5;1;NON AC;
PIP-00242;"Tee Ss 1/2""";PIPE/FITTING;PCS;2;5;24;NON AC;
PIP-00243;"Tee Ss 3""";PIPE/FITTING;PCS;2;5;4;NON AC;
PIP-00244;"Tee Ss 3/4""";PIPE/FITTING;PCS;2;5;5;NON AC;
PIP-00245;"Tee Ss 4""";PIPE/FITTING;PCS;2;5;4;NON AC;
PIP-00246;"Tee Reducer Galvanis 11/4""x3/4""";PIPE/FITTING;PCS;2;5;4;NON AC;
PIP-00247;"Tee Drat Galv 1""";PIPE/FITTING;PCS;2;5;4;NON AC;
PIP-00248;Tee Cs 1/2 (sch 40 Ss);PIPE/FITTING;PCS;2;5;6;NON AC;
PIP-00249;"Tee Drat Galv 3/4""";PIPE/FITTING;PCS;2;5;8;NON AC;
PIP-00250;"Tee Ppr 2""";PIPE/FITTING;PCS;2;5;4;NON AC;
PIP-00251;"Tee Y Pvc 4x2""";PIPE/FITTING;PCS;2;5;4;NON AC;
PIP-00252;"Tee Ss 304 Sch 40 Welded 3/4""";PIPE/FITTING;PCS;2;5;3;NON AC;
PIP-00253;"Tee Ss 304 Sch 40 Welded 1""";PIPE/FITTING;PCS;2;5;5;NON AC;
PIP-00254;"Tee Cs Sch 40 Ss 1""";PIPE/FITTING;PCS;2;5;6;NON AC;
PIP-00255;"Tee Sock Loop Pvc 1.5""*1""";PIPE/FITTING;PCS;2;5;10;NON AC;
PIP-00256;"Tee Pvc 1.5""";PIPE/FITTING;PCS;2;5;12;NON AC;
PIP-00257;"Tee Reducer Pvc 1""x1/2""";PIPE/FITTING;PCS;2;5;4;NON AC;
PIP-00258;"Tee Pvc 3""";PIPE/FITTING;PCS;2;5;2;NON AC;
PIP-00259;"Tee Drat Galv 2""";PIPE/FITTING;PCS;2;5;3;NON AC;
PIP-00260;Tee Ppr 3/4;PIPE/FITTING;PCS;2;5;4;NON AC;
PIP-00261;"Tee Reducer Cs Sch 1.5""*1""";PIPE/FITTING;PCS;2;5;4;NON AC;
PIP-00262;"Tee Ss 304 Sch10 11/2""";PIPE/FITTING;PCS;2;5;4;NON AC;
PIP-00263;"Tee Drat Ss 1.5""";PIPE/FITTING;PCS;2;5;4;NON AC;
PIP-00264;"Tee Ss 304 Weld Short 3a 11/2""";PIPE/FITTING;PCS;2;5;4;NON AC;
PIP-00265;"Tee Ppr 1""";PIPE/FITTING;PCS;2;5;2;NON AC;
PIP-00266;"Tee Drat Luar Ppr 1""";PIPE/FITTING;PCS;2;5;4;NON AC;
PIP-00267;"Tee Ppr 1.5""";PIPE/FITTING;PCS;2;5;2;NON AC;
PIP-00268;"Tee Pvc 21/2""";PIPE/FITTING;PCS;2;5;8;NON AC;
PIP-00269;"Tee Drat Galvanis 11/4""";PIPE/FITTING;PCS;2;5;3;NON AC;
PIP-00270;"Tee Pvc 4""";PIPE/FITTING;PCS;2;5;4;NON AC;
PIP-00271;Tee Pvc 4x2;PIPE/FITTING;PCS;2;5;6;NON AC;
PIP-00272;"Tee Pvc 2x1""";PIPE/FITTING;PCS;2;5;2;NON AC;
PIP-00273;"Tee Pvc 3/4""x1/2""";PIPE/FITTING;PCS;2;5;10;NON AC;
TNK-00002;Tandon Profil Tank Ss Ps 550;TANK/RESERVOIR;UNT;1;1;1;NON AC;
PIP-00274;"Verlock Besi 2x1""";PIPE/FITTING;PCS;2;5;1;NON AC;
PIP-00275;"Verlock Double Naple Ss 1/2-3/8""";PIPE/FITTING;PCS;2;5;11;NON AC;
PIP-00276;"Verlock Knee/elbow Drat Dalam Pvc 3/4""x1/2""";PIPE/FITTING;PCS;2;5;6;NON AC;
PIP-00277;"Verlock Sock Besi 1 1/4-1 1/2""";PIPE/FITTING;PCS;2;5;1;NON AC;
PIP-00278;"Verlock Sock Besi 1-1 1/2""";PIPE/FITTING;PCS;2;5;3;NON AC;
PIP-00279;"Verlock Sock Besi 1-1 1/4""";PIPE/FITTING;PCS;2;5;5;NON AC;
PIP-00280;"Verlock Sock Besi 1/2-3/4""";PIPE/FITTING;PCS;2;5;1;NON AC;
PIP-00281;"Verlock Sock Besi 2.5x2""";PIPE/FITTING;PCS;2;5;1;NON AC;
PIP-00282;"Verlock Sock Cs 1 1/2x1 1/4""";PIPE/FITTING;PCS;2;5;1;NON AC;
PIP-00283;"Verlock Sock Cs 1 1/2x1""";PIPE/FITTING;PCS;2;5;3;NON AC;
PIP-00284;"Verlock Sock Cs 1 1/4x1""";PIPE/FITTING;PCS;2;5;5;NON AC;
PIP-00285;"Verlock Sock Cs 2 1/2x2""";PIPE/FITTING;PCS;2;5;1;NON AC;
PIP-00286;"Verlock Sock Cs 2x1""";PIPE/FITTING;PCS;2;5;1;NON AC;
PIP-00287;"Verlock Sock Cs 3/4 X 1/2""";PIPE/FITTING;PCS;2;5;2;NON AC;
PIP-00288;"Verlock Sock Drat Dalam Pvc 11/2""";PIPE/FITTING;PCS;2;5;0;NON AC;
PIP-00289;"Verlock Sock Drat Dalam Pvc 1/2""";PIPE/FITTING;PCS;2;5;2;NON AC;
PIP-00290;"Verlock Sock Drat Dalam Pvc 2""";PIPE/FITTING;PCS;2;5;1;NON AC;
PIP-00291;"Verlock Sock Drat Luar Pvc 11/2""";PIPE/FITTING;PCS;2;5;1;NON AC;
PIP-00292;"Verlock Sock Drat Luar Ss 2""";PIPE/FITTING;PCS;2;5;5;NON AC;
PIP-00293;"Verlock Sock Drat Luar Pvc 3/4""";PIPE/FITTING;PCS;2;5;14;NON AC;
PIP-00294;"Verlock Sock Drat Ss 2x11/4""";PIPE/FITTING;PCS;2;5;2;NON AC;
PIP-00295;"Verlock Sock Drat Ss 3/4x1/2""";PIPE/FITTING;PCS;2;5;1;NON AC;
PIP-00296;"Verlock Sock Ring Ss 2-1 1/2""";PIPE/FITTING;PCS;2;5;7;NON AC;
PIP-00297;"Verlock Sock Ring Ss 3/4-1/2""";PIPE/FITTING;PCS;2;5;21;NON AC;
PIP-00298;"Verlock Sock Ss 1 1/2-1/2""";PIPE/FITTING;PCS;2;5;1;NON AC;
PIP-00299;"Verlock Sock Ss 1-1/2""";PIPE/FITTING;PCS;2;5;3;NON AC;
PIP-00300;"Verlock Sock Ss 2-1 1/2""";PIPE/FITTING;PCS;2;5;3;NON AC;
PIP-00301;"Verlock Sock Ss 304 Sch 40 1""";PIPE/FITTING;PCS;2;5;1;NON AC;
PIP-00302;"Verlock Sock Ss 4x2""";PIPE/FITTING;PCS;2;5;4;NON AC;
PIP-00303;"Verlock Tee Cs 2x1""";PIPE/FITTING;PCS;2;5;1;NON AC;
PIP-00304;"Verlock Tee Pvc 1 1/2""";PIPE/FITTING;PCS;2;5;1;NON AC;
PIP-00305;Verlock Sock Pvc 1.5*1;PIPE/FITTING;PCS;2;5;0;NON AC;
PIP-00306;"Verlock Tee Ss 3x2""";PIPE/FITTING;PCS;2;5;4;NON AC;
PIP-00307;"Verlock Tee Galvani 11/4""";PIPE/FITTING;PCS;2;5;1;NON AC;
PIP-00308;"Verlock Ring Ss 1x3/4""";PIPE/FITTING;PCS;2;5;6;NON AC;
PIP-00309;"Verlock Ring Galv 1x11/2""";PIPE/FITTING;PCS;2;5;4;NON AC;
PIP-00310;"Verlock Tee Galv 11/2x1/2""";PIPE/FITTING;PCS;2;5;2;NON AC;
PIP-00311;"Verlock Tee Gal 11/4x1/2""";PIPE/FITTING;PCS;2;5;2;NON AC;
PIP-00312;Verlock Ring Galv 11/2x1/2;PIPE/FITTING;PCS;2;5;3;NON AC;
PIP-00313;"Verlock Ring Galv 11/4x1/2""";PIPE/FITTING;PCS;2;5;3;NON AC;
PIP-00314;"Verlock Sock Galv 11/2""";PIPE/FITTING;PCS;2;5;2;NON AC;
PIP-00315;"Verlock Sock Pvc 11/2x11/4""";PIPE/FITTING;PCS;2;5;10;NON AC;
PIP-00316;"Verlock Ring Galv 1x3/4""";PIPE/FITTING;PCS;2;5;4;NON AC;
PIP-00317;"Verlock Ring Ss 3/8x1/4""";PIPE/FITTING;PCS;2;5;2;NON AC;
PIP-00318;"Verlock Sock Drat Dalam Pvc 3/4""*1/2""";PIPE/FITTING;PCS;2;5;6;NON AC;
PIP-00319;"Verlock Sock Drat Dalam Ppr 3/4""";PIPE/FITTING;PCS;2;5;8;NON AC;
PIP-00320;"Verlock Sock Drat Luar Ppr 3/4""";PIPE/FITTING;PCS;2;5;13;NON AC;
PIP-00321;"Verlock Sock Galvanis 3""x2";PIPE/FITTING;PCS;2;5;4;NON AC;
PIP-00322;"Verlock Knee Ppr Drat Dalam 3/4""*1/2""";PIPE/FITTING;PCS;2;5;2;NON AC;
PIP-00323;"Verlock Tee Ss 304 Sch10 1.1/2""x1/2""";PIPE/FITTING;PCS;2;5;3;NON AC;
PIP-00324;"Verlock Tee Ppr 1.5""x1";PIPE/FITTING;PCS;2;5;2;NON AC;
PIP-00325;Verlock Sock Ppr 1.5x1;PIPE/FITTING;PCS;2;5;2;NON AC;
PIP-00326;"Verlock Ring Kuningan 1/4""x1/2""";PIPE/FITTING;PCS;2;5;2;NON AC;
PIP-00327;"Verlock Sock Ppr 2x1.5""";PIPE/FITTING;PCS;2;5;1;NON AC;
PIP-00328;"Verlock Sock Ppr 2x11/4""";PIPE/FITTING;PCS;2;5;2;NON AC;
PIP-00329;"Verlock Ring Ss 304 3/4x1/2""";PIPE/FITTING;PCS;2;5;9;NON AC;
PIP-00330;"Verlock Sock Drat Galv 1x3/4""";PIPE/FITTING;PCS;2;5;4;NON AC;
PIP-00331;Verlock Ring Pvc 1x1/2;PIPE/FITTING;PCS;2;5;3;NON AC;
PIP-00332;"Verlock Ring Galv 11/4""*1""";PIPE/FITTING;PCS;2;5;2;NON AC;
PIP-00333;"Verlock Shock Galv Las 4x3""";PIPE/FITTING;PCS;2;5;1;NON AC;
PIP-00334;"Verlock Tee Pvc 2""x1/2""";PIPE/FITTING;PCS;2;5;4;NON AC;
FST-00004;"Water Mur Drat Ss 1""";BOLT/NUT/FASTENER;PCS;1;2;3;NON AC;
FST-00005;"Water Mur Drat Ss 3""";BOLT/NUT/FASTENER;PCS;1;2;2;NON AC;
FST-00006;"Water Mur Galv 1""";BOLT/NUT/FASTENER;PCS;1;2;3;NON AC;
FST-00007;"Water Mur Galv 3/4""";BOLT/NUT/FASTENER;PCS;1;2;8;NON AC;
FST-00008;"Water Mur Pvc 1""";BOLT/NUT/FASTENER;PCS;1;2;24;NON AC;
FST-00009;"Water Mur Pvc 1/2""";BOLT/NUT/FASTENER;PCS;1;2;20;NON AC;
FST-00010;Water Mur Pvc 3/4;BOLT/NUT/FASTENER;PCS;1;2;21;NON AC;
FST-00011;"Water Mur Pvc 11/4""";BOLT/NUT/FASTENER;PCS;1;2;5;NON AC;
FST-00012;"Water Mur Galv 1/2""";BOLT/NUT/FASTENER;PCS;1;2;6;NON AC;
FST-00013;"Water Mur Galv 2""";BOLT/NUT/FASTENER;PCS;1;2;4;NON AC;
FST-00014;"Water Mur Ss 3/4""";BOLT/NUT/FASTENER;PCS;1;2;8;NON AC;
FST-00015;"Water Mur Ss 1/2""";BOLT/NUT/FASTENER;PCS;1;3;17;NON AC;
FST-00016;Water Mur Pvc 3;BOLT/NUT/FASTENER;PCS;1;2;2;NON AC;
FST-00017;"Water Mur Ss 304 11/2""";BOLT/NUT/FASTENER;PCS;1;2;17;NON AC;
FST-00018;"Water Mur Ppr 1.5""";BOLT/NUT/FASTENER;PCS;1;2;2;NON AC;
FST-00019;"Water Mur Ppr 11/4""";BOLT/NUT/FASTENER;PCS;1;2;2;NON AC;
FST-00020;"Water Mur Galv 11/4""";BOLT/NUT/FASTENER;PCS;1;2;3;NON AC;
PAD-00013;Silicon Oil;PAINT/ADHESIVE;L;1;3;7;NON AC;
LUB-00001;Viscogen Kl 23 Spray @400ml (castrol);LUBRICANT/OIL/GREASE;PCS;1;2;1;NON AC;
HTR-00006;Element Kompor 300w;HEATER;PCS;1;3;3;NON AC;
RWM-00010;Acrilic Bening 3mmx4x8;RAW MATERIAL;LBR;0;1;1;NON AC;
RWM-00011;Acrilic Bening 5mmx4x8;RAW MATERIAL;LBR;0;1;5;NON AC;
PIP-00335;Ferrule Weld 1215ss 316l 11/2 (complete);PIPE/FITTING;PCS;2;5;10;NON AC;
GEN-00007;Handle Pas Box (lt-1400);GENERAL/INVENTORY;PCS;0;1;3;NON AC;
FST-00021;Peer Tekan Ss;BOLT/NUT/FASTENER;PCS;1;2;50;NON AC;
LUB-00002;Oli Meditran Smx 40;LUBRICANT/OIL/GREASE;L;1;2;418;NON AC;
SNS-00002;Proximity Sensor Pr12-4dp;SENSOR;PCS;1;2;2;NON AC;
BAT-00005;Batteray Cj1w-bat01;BATTERY/ACCU;PCS;1;2;2;NON AC;
LUB-00003;Tribol Gr 100-2 Pd (grease/stempet);LUBRICANT/OIL/GREASE;KG;1;2;15;NON AC;
PIP-00336;"Gasket Ferrule Teflon 1 1/2""";PIPE/FITTING;PCS;2;5;20;NON AC;
PIP-00337;"Ferrule Hose Adaptor Sanitary Ss316 1""";PIPE/FITTING;PCS;2;5;10;NON AC;
PNE-00001;Airtac Mbl 32x50 Sca;PNEUMATIC;PCS;2;5;2;NON AC;
BRNG-00052;10.5117 20105 Bearing Kit Sigma 26;BEARING;SET;2;4;1;NON AC;
VLV-00073;Control Line Kitz 400904.0;VALVE;PCS;1;2;1;NON AC;
PNE-00002;Eco-drain 14 8.0714.3;PNEUMATIC;PCS;2;5;1;NON AC;
PNE-00003;Eco-drain 31 8.2474.01510;PNEUMATIC;PCS;2;5;3;NON AC;
LUB-00004;Greasing Unirect N3 6.3234.0;LUBRICANT/OIL/GREASE;PCS;1;2;4;NON AC;
LUB-00005;Oil Sparator 6.3569.0;LUBRICANT/OIL/GREASE;PCS;1;2;1;NON AC;
KIT-00001;Wearing Part Set Eco-drain 13 8.2454.0;MAINTENANCE KIT/SPARE KIT;PCS;1;2;1;NON AC;
KIT-00002;Wearing Part Set Eco-drain 14 8.2519.2;MAINTENANCE KIT/SPARE KIT;PCS;1;2;1;NON AC;
FLT-00002;Oil Filter 6.3464.1;FILTER;PCS;2;4;5;NON AC;
LUB-00006;Sigma Lubricant (oil) 95409.00020;LUBRICANT/OIL/GREASE;PL;1;2;2;NON AC;
FLT-00003;Air Inlet Filter Cartridge 6.2085.0;FILTER;PCS;2;4;2;NON AC;
MEC-00004;5.3129e3 Drive Coupling;MECHANICAL COMPONENT;PCS;1;2;1;NON AC;
KIT-00003;Maint Package Act 108 94759.00260;MAINTENANCE KIT/SPARE KIT;PCS;1;2;1;NON AC;
BRNG-00053;401849.0 Set Of Main Motor Bearing;BEARING;SET;2;4;1;NON AC;
BRNG-00054;401852.0 Set Of Fan Motor Bearing;BEARING;SET;2;4;2;NON AC;
CLC-00002;Carbon Remover Kaeser Cooler Care;CLEANING/CHEMICAL;PCS;1;2;2;NON AC;
VLV-00074;400893.1 Rep Kit Inlet Valve;VALVE;PCS;1;2;1;NON AC;
VLV-00075;400983.2 Rep Kit Min Press Check Valve;VALVE;PCS;1;2;1;NON AC;
VLV-00076;207410e1 Vent Valve;VALVE;PCS;1;2;1;NON AC;
SOG-00012;5.1391.0 Gasket Ring;SEAL/ORING/GASKET;PCS;2;5;1;NON AC;
MEC-00005;6.4159.0 Anti Vibration Mount;MECHANICAL COMPONENT;PCS;1;2;2;NON AC;
MEC-00006;6.1335eo Anti Vibration Pads;MECHANICAL COMPONENT;PCS;1;2;3;NON AC;
SOG-00013;5.5309.0 Oring Oil Cooler;SEAL/ORING/GASKET;PCS;2;5;2;NON AC;
SOG-00014;5.1432.0 Oring;SEAL/ORING/GASKET;PCS;2;5;1;NON AC;
SOG-00015;5.2767.0 Seal Ring F Aeroquip;SEAL/ORING/GASKET;PCS;2;5;2;NON AC;
MEC-00007;6.4168.1 Anti Vibration Mount;MECHANICAL COMPONENT;PCS;1;2;2;NON AC;
KIT-00004;Maint Kit Comb Valve 400877.0;MAINTENANCE KIT/SPARE KIT;PCS;1;2;1;NON AC;
MEC-00008;Drive Coupling 5.3129e3;MECHANICAL COMPONENT;PCS;1;2;1;NON AC;
FLT-00004;Air Filter Cartridge Dia328x95 (mis (-));FILTER;PCS;2;4;1;NON AC;
ELP-00007;7.2751.00141 Control Cabinet;ELECTRICAL BOX/PANEL;PCS;1;2;1;NON AC;
FLT-00005;6.3572.0 Filtermat Control Cabinet;FILTER;PCS;2;4;1;NON AC;
VLV-00077;8.5050.0 Ball Cock;VALVE;PCS;1;2;1;NON AC;
MEC-00009;9.0805.10020 Quick-release Coupling R1/2;MECHANICAL COMPONENT;PCS;1;2;1;NON AC;
FLT-00006;Filter Cartridge (ed-107) 9.4842.0;FILTER;PCS;2;4;2;NON AC;
FLT-00007;Filter Cartridge (ee-107) 9.4866.0;FILTER;PCS;2;4;3;NON AC;
FLT-00008;Filter Cartridge (ee-71) 9.4865.0;FILTER;PCS;2;4;1;NON AC;
FLT-00009;Filter Cartridge (ef-107) 9.4878.0;FILTER;PCS;2;4;3;NON AC;
FLT-00010;Filter Cartridge E9ke 9.01521.0;FILTER;PCS;2;4;1;NON AC;
FLT-00011;Filter Cartridge E9ke 9.2178.0;FILTER;PCS;2;4;1;NON AC;
FAN-00011;Maintenant Kitz Com.aux Fan Value 400905.0;FAN;PCS;1;2;1;NON AC;
FAN-00012;Maintenant Kitz Fan Value 400706.0;FAN;PCS;1;2;4;NON AC;
OTH-00016;Maintenant Kitz Inlet Value 400892.0;LAIN-LAIN;PCS;0;1;1;NON AC;
FLT-00012;Oil Filter 6.1985.10030;FILTER;PCS;2;4;2;NON AC;
LUB-00007;Oil Sparator 6.62011.1;LUBRICANT/OIL/GREASE;PCS;1;2;2;NON AC;
BLT-00088;Set Of V-belt F/as36;BELT;PCS;1;2;3;AC;
FLT-00013;Air Inlet Filter Cartridge 6.3540.0;FILTER;PCS;2;4;2;NON AC;
LUB-00008;Sigma Lubricant (oil) 95409.00020;LUBRICANT/OIL/GREASE;PL;1;2;4;NON AC;
PNE-00004;Eco Drain 31 95-240vac 8.2579.2;PNEUMATIC;PCS;2;5;1;NON AC;
KIT-00005;Wearing Part Set Eco-dr.10 8.2435.1;MAINTENANCE KIT/SPARE KIT;PCS;1;2;2;NON AC;
KIT-00006;Wearing Part Set Eco-dr.13/13co 8.2454.2;MAINTENANCE KIT/SPARE KIT;PCS;1;2;2;NON AC;
WRG-00001;Wiring W113 7.7243.00050;WIRING;PCS;2;5;1;NON AC;
VLV-00078;Rep Kit Com Aux/vent Valve 400707.0;VALVE;PCS;1;2;1;NON AC;
CBL-00005;Amp Control Cable 77245.00070;CABLE;PCS;1;2;1;NON AC;
CBL-00006;Temp Cable W117 77247.00030;CABLE;PCS;1;2;1;NON AC;
FLT-00014;Filter Cartridge E185kd9.9683.0;FILTER;PCS;2;4;1;NON AC;
FLT-00015;Filter Cartridge E250ka901570.0;FILTER;PCS;2;4;1;NON AC;
FLT-00016;Filter Cartridge E250ke901530.0;FILTER;PCS;2;4;1;NON AC;
FLT-00017;Filter Mat Cooling Air Kitz 403017.0;FILTER;PCS;2;4;5;NON AC;
FLT-00018;Air Filter Cartridge 4e0303.0 Kitz;FILTER;PCS;2;4;5;NON AC;
FLT-00019;Filter Mat Outlet Air 5.3511.0 (pre Filter);FILTER;PCS;2;4;5;NON AC;
FLT-00020;Filter Mat 7.4519.0 (pre Filter );FILTER;PCS;2;4;6;NON AC;
FLT-00021;Filter Non Woven Dia 420 6.4992.0;FILTER;PCS;2;4;2;NON AC;
VLV-00079;Seal Set Non Return Valve 404240.00012;VALVE;PCS;1;2;3;NON AC;
VLV-00080;Srv Unit Eco Dr31vario 8.2474.01510;VALVE;PCS;1;2;2;NON AC;
LUB-00009;Kaeser Grease Unirex 6.3234.0;LUBRICANT/OIL/GREASE;PCS;1;2;4;NON AC;
SOG-00016;Oring 9.3049 09900;SEAL/ORING/GASKET;PCS;2;5;2;NON AC;
FLT-00022;Filter Element 9.4860.0;FILTER;PCS;2;4;2;NON AC;
KIT-00007;Maint Kit 403460.1;MAINTENANCE KIT/SPARE KIT;PCS;1;2;1;NON AC;
NOZ-00001;Ejector Nozzle 6.3747.00010;NOZZLE;PCS;1;3;2;NON AC;
VLV-00081;Check Valve Condensate 8.1595.0;VALVE;PCS;1;2;3;NON AC;
VLV-00082;Check Valve 8.1773.0;VALVE;PCS;1;2;2;NON AC;
KIT-00008;Maint Kit 4d3101.1;MAINTENANCE KIT/SPARE KIT;PCS;1;2;1;NON AC;
KIT-00009;Wearing Part Set Eco-dr 13/13co 8.2454.2;MAINTENANCE KIT/SPARE KIT;PCS;1;2;2;NON AC;
VLV-00083;Kit Non Return Valve 222607e30012;VALVE;PCS;1;2;1;NON AC;
LUB-00010;Dry Screw Lubricants 9.0188.1;LUBRICANT/OIL/GREASE;PCS;1;2;18;NON AC;
LUB-00011;Sigma Lubricant (oil) 95409.00020;LUBRICANT/OIL/GREASE;PL;1;2;2;NON AC;
MSP-00002;Exchange Stage Cd14dhp New Stage 5.7103e05;MACHINE SPARE PART;PCS;1;2;1;NON AC;
KIT-00010;Mounting Set Hp Unit Dsg 403294 00011;MAINTENANCE KIT/SPARE KIT;PCS;1;2;1;NON AC;
VLV-00084;Control Line Kit 403981;VALVE;PCS;1;2;1;NON AC;
PNE-00005;Silincer 5.0104.2;PNEUMATIC;PCS;2;5;1;NON AC;
MEC-00010;Drive Coupling Cpl 404850.0;MECHANICAL COMPONENT;PCS;1;2;1;NON AC;
KIT-00011;Maint Kit Comb Valve 400970.00030;MAINTENANCE KIT/SPARE KIT;PCS;1;2;1;NON AC;
MSP-00003;Exchange Stage Cd14dhp New Stage 5.7102e05;MACHINE SPARE PART;PCS;1;2;1;NON AC;
MEC-00011;Shaft Seal 403262eo;MECHANICAL COMPONENT;PCS;1;2;1;NON AC;
KIT-00012;Maint Kit Oil Distribut 402947.0;MAINTENANCE KIT/SPARE KIT;PCS;1;2;1;NON AC;
OTH-00017;Carbon Remuver Kaeser Coolercare;LAIN-LAIN;PCS;0;1;3;NON AC;
BRNG-00055;Set Off Fan Motor Bearing 402514.0;BEARING;SET;2;4;1;NON AC;
BRNG-00056;Xbearing Kit Main Motor 402331.0;BEARING;SET;2;4;1;NON AC;
SOG-00017;Casing Gasket 6.4245.00100;SEAL/ORING/GASKET;PCS;2;5;1;NON AC;
VLV-00085;Solenoid Valve Coil 24vdc 7.6186.0;VALVE;PL;1;2;2;NON AC;
KIT-00013;Mounting Kit Lp 403295.0;MAINTENANCE KIT/SPARE KIT;PCS;1;2;1;NON AC;
FLT-00023;Filter Mat 7.4519.00040;FILTER;PCS;2;4;1;NON AC;
FLT-00024;Filter Fleece Dia 420 6.4992.1;FILTER;PCS;2;4;1;NON AC;
VLV-00086;Butterfly Valve Dn80 Pn16 9.3049.07170;VALVE;PCS;1;2;2;NON AC;
SWT-00016;Presssure Switch 9.3049.02410;SWITCH/SAKLAR;PCS;2;5;2;NON AC;
HVAC-00001;Actuator 9.1588.05350;HVAC COMPONENT;PCS;1;2;2;NON AC;
PNE-00006;Silincer 9.3049.00090;PNEUMATIC;PCS;2;5;2;NON AC;
VLV-00087;Kit Revision Inlet Valve Dn200 403299;VALVE;PCS;1;2;1;NON AC;
CHU-00001;Garam Australia @25kg;CHEMICAL/UTILITY;ZAK;8;20;80;NON AC;
CHU-00002;Naoh (soda Cair) @45kg;CHEMICAL/UTILITY;JRG;1;3;0;NON AC;
CHU-00003;Aquamerck Chlorine Test Kit M. I.14670.0001;CHEMICAL/UTILITY;PCS;1;2;1;NON AC;
CHU-00004;Sodium Metabisulfite (smbs) @25kg;CHEMICAL/UTILITY;ZAK;1;2;0;NON AC;
CHU-00005;Organoclean D @15kg;CHEMICAL/UTILITY;JRG;1;3;0;NON AC;
CHU-00006;Organoclean Silica @15kg;CHEMICAL/UTILITY;JRG;1;3;0;NON AC;
CHU-00007;Merckoquant Peroxide M.1.10011.0001;CHEMICAL/UTILITY;SET;1;2;0;NON AC;
CHU-00008;Hydrogen Peroxide Solvay Sqsdk2600275 (h2o2);CHEMICAL/UTILITY;JRG;1;2;6;NON AC;
CHU-00009;Zi-chem 1640;CHEMICAL/UTILITY;PL;1;2;4;NON AC;
VLV-00088;1-way Contr. Val Grla-m5-qs-6-rs-d;VALVE;PCS;1;3;0;NON AC;
FLT-00025;Filter Solar (fuel Filter 0020922801)/x00012879;FILTER;PCS;2;4;5;NON AC;
FLT-00026;Filter Oli (oil Filter) 0031845301;FILTER;PCS;2;4;3;NON AC;
FLT-00027;Oil Filter 5241840501 (x54718300056);FILTER;PCS;2;4;9;NON AC;
FLT-00028;Fuel Filter 23530644/x52608300053;FILTER;PCS;2;4;12;NON AC;
FLT-00029;Filter Udara X54612100001;FILTER;PCS;2;4;4;NON AC;
MSP-00004;Feeding Chanel Obat Tablet Litapix (6 Lajur);MACHINE SPARE PART;SET;1;2;1;NON AC;
MEC-00012;Shaft Sealing Roller 281;MECHANICAL COMPONENT;PCS;1;2;1;NON AC;
IND-00001;Embos Angka 0;INDUSTRIAL COMPONENT;PCS;2;5;0;NON AC;
IND-00002;Embos Angka 2;INDUSTRIAL COMPONENT;PCS;2;5;0;NON AC;
IND-00003;Embos Angka 6;INDUSTRIAL COMPONENT;PCS;1;3;0;NON AC;
IND-00004;Embos Angka 8;INDUSTRIAL COMPONENT;PCS;1;3;0;NON AC;
IND-00005;Embos Angka 9;INDUSTRIAL COMPONENT;PCS;1;3;0;NON AC;
IND-00006;Embos Huruf D;INDUSTRIAL COMPONENT;PCS;1;3;0;NON AC;
IND-00007;Embos Huruf E;INDUSTRIAL COMPONENT;PCS;2;5;0;NON AC;
IND-00008;Embos Huruf F;INDUSTRIAL COMPONENT;PCS;2;5;0;NON AC;
IND-00009;Embos Huruf G;INDUSTRIAL COMPONENT;PCS;1;3;0;NON AC;
IND-00010;Embos Huruf K;INDUSTRIAL COMPONENT;PCS;1;3;0;NON AC;
SOG-00018;"Gasket Ferrulle Teflon 1/2""";SEAL/ORING/GASKET;PCS;2;5;0;NON AC;
HTR-00002;United Heater Rtd Pt100 6x120mm;HEATER;PCS;2;5;0;NON AC;
FLT-00030;"Filter 10"" Emflon Pfr 0.2um";FILTER;PCS;2;4;2;NON AC;
PNE-00007;Air Cylinder Sc 63x200 S;PNEUMATIC;PCS;2;5;0;NON AC;
HTR-00003;United Heater Rtd Pt100 Dia 6.5x70mm;HEATER;PCS;2;5;0;NON AC;
VLV-00089;Roller Lever Valve R-3-m5;VALVE;PCS;1;3;0;NON AC;
CVB-00001;Conv Belt+profil K10 Gigi 2500x170mm;CONVEYOR BELT;PCS;1;3;0;AC;
MEC-00013;Block P/n Z0701200330;MECHANICAL COMPONENT;PCS;2;5;0;NON AC;
PNE-00008;Suction Cup C Vs-8-m5-si-b;PNEUMATIC;PCS;2;5;10;NON AC;
HTR-00004;United Heater Cartridge 21x130mm;HEATER;PCS;1;2;2;NON AC;
FAN-00013;Fan 51524010;FAN;PCS;1;3;0;NON AC;
IND-00011;Splicing Connectors-29e5 57331003;INDUSTRIAL COMPONENT;PCS;1;3;0;NON AC;
MEC-00014;Hinged Lid 54599045;MECHANICAL COMPONENT;PCS;1;2;0;NON AC;
VLV-00090;Solenoid Valve 52369980;VALVE;PCS;1;2;4;NON AC;
SWT-00017;Proximity Switch 58233207;SWITCH/SAKLAR;PCS;2;5;6;NON AC;
OTH-00018;Electrical Service Assemby-valv Module Sa000426;LAIN-LAIN;PCS;1;2;0;NON AC;
MSP-00005;Carbon Pusher Set 51500151;MACHINE SPARE PART;SET;1;3;0;NON AC;
PMP-00006;Rubber Buffeer For Vacuum Pump Sp601689;PUMP COMPONENT;PCS;1;2;0;NON AC;
MSP-00006;Carbon Pusher Set 51500160;MACHINE SPARE PART;SET;1;3;0;NON AC;
SOG-00019;Sealing Set 51500103;SEAL/ORING/GASKET;SET;2;5;0;NON AC;
MEC-00015;Indexing Wheel Fvf5061-mvf0136;MECHANICAL COMPONENT;PCS;1;2;0;NON AC;
MSP-00007;Reject Discharge Fvf5061-nuf0137;MACHINE SPARE PART;PCS;1;2;0;NON AC;
MSP-00008;Reject Discharge Fvf5061-nuf0136;MACHINE SPARE PART;PCS;1;2;0;NON AC;
MEC-00016;Discharge Wheel Fvf5061-nvf0137;MECHANICAL COMPONENT;PCS;1;2;0;NON AC;
MEC-00017;Segmented Star Wheel Fvf5061-mxf0137;MECHANICAL COMPONENT;PCS;1;2;0;NON AC;
PAD-00014;"Oring;mvq (silicone) 32805093";PAINT/ADHESIVE;PCS;1;3;0;NON AC;
MEC-00018;Vibration Mount 387093;MECHANICAL COMPONENT;PCS;1;3;0;NON AC;
HVAC-00002;Vibration Damper 387071;HVAC COMPONENT;PCS;2;5;0;NON AC;
MEC-00019;Pressure Spring 46051956;MECHANICAL COMPONENT;PCS;1;3;0;NON AC;
MEC-00020;Crimping Roller 46289123;MECHANICAL COMPONENT;PCS;1;2;4;NON AC;
MEC-00021;Pressure Spring 334601;MECHANICAL COMPONENT;PCS;1;2;4;NON AC;
BLT-00089;Toothed Belt Single 3691624;BELT;PCS;1;2;0;AC;
IND-00012;Ionizing Rod;INDUSTRIAL COMPONENT;PCS;1;3;0;NON AC;
RWM-00012;Glass Tube;RAW MATERIAL;PCS;1;3;0;NON AC;
MEC-00022;Rubber List Door;MECHANICAL COMPONENT;MTR;1;2;10;NON AC;
CVB-00002;Conv Belt E 4/2 U0/u0 Fda+profil K-6 2600x480mm;CONVEYOR BELT;PCS;1;3;2;AC;
IND-00013;Dinema Driver;INDUSTRIAL COMPONENT;PCS;1;2;0;NON AC;
SOG-00020;Wiper Seal Pu (xpreseal);SEAL/ORING/GASKET;PCS;2;5;5;NON AC;
SOG-00021;Oring Ref. 226;SEAL/ORING/GASKET;PCS;2;5;0;NON AC;
OTH-00019;Heating Element Ref.53;LAIN-LAIN;PCS;1;3;0;NON AC;
OTH-00020;Internal Flourglass Tape Ref.51;LAIN-LAIN;PCS;1;2;0;NON AC;
OTH-00021;External Flourglass Tape Ref. 52;LAIN-LAIN;PCS;1;2;0;NON AC;
FST-00022;Baut Heater Ptfe;BOLT/NUT/FASTENER;PCS;1;2;0;NON AC;
BRNG-00057;Reinforced Bearing Ref.15;BEARING;PCS;2;4;0;NON AC;
MEC-00023;Motor Brush (set Of 2);MECHANICAL COMPONENT;PCS;1;3;0;NON AC;
FLT-00031;Filter Set Pxr-d460w;FILTER;SET;2;4;0;NON AC;
FLT-00032;Filter Set Ph-d460w;FILTER;SET;2;5;0;NON AC;
FLT-00033;Filter Kit Stg8010 U/jetprint 9040;FILTER;SET;2;5;0;NON AC;
IND-00014;Cannon G Head Enm14431 U/jetprint 9040;INDUSTRIAL COMPONENT;PCS;1;3;0;NON AC;
FLT-00034;Filter Kit Stg8000 U/ Jetprint S4;FILTER;SET;2;4;0;NON AC;
SNS-00003;Fiber Sensor E3x-na11 2m Omron;SENSOR;PCS;1;3;0;NON AC;
PNE-00009;Orifice Part S65 Pn. 451670;PNEUMATIC;PCS;2;5;0;NON AC;
FLT-00035;Air Filter Assembly Enm46813;FILTER;PCS;2;4;0;NON AC;
IND-00015;Fiber Optic E32-dc200;INDUSTRIAL COMPONENT;PCS;1;3;0;NON AC;
FLT-00036;Filter Joint Parts Pn. 451901;FILTER;PCS;2;4;0;NON AC;
FLT-00037;Filter Set Rx2-d160w;FILTER;SET;2;4;0;NON AC;
IND-00016;Mgv Parts Pn. 451587;INDUSTRIAL COMPONENT;PCS;1;3;0;NON AC;
CVB-00003;Conv. Belt Pvc Green 3mm Fabric 4050x285mm;CONVEYOR BELT;CAR;1;2;0;AC;
SOG-00022;Oring Rotary;SEAL/ORING/GASKET;PCS;2;5;0;NON AC;
SOG-00023;Wiper Seal Hpu (xpreseal);SEAL/ORING/GASKET;PCS;5;12;0;NON AC;
FLT-00038;Filter Solar Bf 7587;FILTER;PCS;2;4;4;NON AC;
FLT-00039;Lube Filter Lf691a S;FILTER;PCS;2;4;4;NON AC;
OTH-00022;Sfa0948p;LAIN-LAIN;PCS;0;1;2;NON AC;
FLT-00040;Filter Oli/lube Filter Lf 670;FILTER;PCS;2;4;2;NON AC;
FLT-00041;Filter Oli/lube Filter Lf 777;FILTER;PCS;2;4;1;NON AC;
FLT-00042;Filter Radiator Wf 2075;FILTER;PCS;2;4;1;NON AC;
OTH-00023;Bf 1212;LAIN-LAIN;PCS;0;1;2;NON AC;
CVB-00004;Conv Belt 1370x50mm Roughtop+profil K10;CONVEYOR BELT;PCS;1;3;0;AC;
MSP-00009;Multi Outlet Needle 443203l;MACHINE SPARE PART;PCS;1;2;0;NON AC;
MSP-00010;Multi Outlet Needle 443204l;MACHINE SPARE PART;PCS;1;2;0;NON AC;
SWT-00018;Enabling Switch 54235613;SWITCH/SAKLAR;PCS;2;5;0;NON AC;
CBL-00007;Cable Socket 53452265;CABLE;PCS;1;2;0;NON AC;
PIP-00338;Spark Plug Connector 58128113;PIPE/FITTING;PCS;2;5;0;NON AC;
MSP-00011;Disc Afv8010-ga016.00;MACHINE SPARE PART;PCS;1;3;0;NON AC;
MEC-00024;Belleville Spring 338006;MECHANICAL COMPONENT;PCS;2;4;0;NON AC;
MEC-00025;Tension Spring 46083647;MECHANICAL COMPONENT;PCS;1;2;0;NON AC;
BLT-00090;Toothed Belt 36795001;BELT;PCS;1;2;0;AC;
BLT-00091;Toothed Belt Single 367007;BELT;PCS;1;2;0;AC;
MSP-00012;Rubber Gripper For Vial Bottle (eraw 40 Inj Nbl);MACHINE SPARE PART;SET;2;5;0;NON AC;
BLT-00092;Timing Belt T10-1520-50mm Moulend;BELT;PCS;1;3;0;AC;
PLC-00003;Dvp20sx211t (plc);PLC;PCS;1;1;0;NON AC;
PLC-00004;Dvp08sn11r (plc);PLC;PCS;1;1;0;NON AC;
PLC-00005;Dvp04pt-s (plc);PLC;PCS;1;1;0;NON AC;
HMI-00001;Dop-107bv (hmi);HMI;PCS;1;1;0;NON AC;
HMI-00002;Pmt-24v100w2ba (hmi);HMI;PCS;1;1;0;NON AC;
INS-00002;Wet Bulb Cup Set;INSTRUMENT;UNT;1;2;0;NON AC;
MEC-00026;Carbon Brush Set 514321;MECHANICAL COMPONENT;PCS;1;3;0;NON AC;
MSP-00013;Electrode Adapter 545650;MACHINE SPARE PART;PCS;1;3;0;NON AC;
INS-00003;Photo Electric Eye 582507;INSTRUMENT;PCS;1;3;0;NON AC;
GAS-00001;Liquid Gas Hose 315151;GAS;PCS;1;3;0;NON AC;
MSP-00014;Disc 46047500;MACHINE SPARE PART;PCS;1;3;0;NON AC;
SWT-00019;Switch Key 542280;SWITCH/SAKLAR;PCS;2;5;0;NON AC;
MSP-00015;Contact Piece 542290;MACHINE SPARE PART;PCS;1;2;0;NON AC;
MEC-00027;Pressure Spring 334721;MECHANICAL COMPONENT;PCS;3;6;0;NON AC;
MEC-00028;Pressure Spring Afv8010-l027.00;MECHANICAL COMPONENT;PCS;1;3;0;NON AC;
BGA-00001;5-hole Burner 315116;BURNER/GAS ACCESSORY;PCS;2;5;0;NON AC;
SOG-00024;Copper Gasket 249201;SEAL/ORING/GASKET;PCS;2;5;0;NON AC;
GAS-00002;Gas Flashback Arrestor 315291;GAS;PCS;1;3;0;NON AC;
GAS-00003;Gas Flashback Arrestor 315290;GAS;PCS;1;2;0;NON AC;
BGA-00002;Flashback Arrestor 315295;BURNER/GAS ACCESSORY;PCS;1;2;0;NON AC;
MSP-00016;Set Wear Parts Advu/aevu-100-a-p-a;MACHINE SPARE PART;PCS;1;2;1;NON AC;
INS-00004;Camera Inspection For Tablet Blister;INSTRUMENT;UNT;1;2;1;NON AC;
MSP-00017;Feeding Chanel Obat Glecazid 60mr;MACHINE SPARE PART;SET;1;2;1;NON AC;
MSP-00018;Feeding Chanel Obat Friladar Mi/250;MACHINE SPARE PART;SET;1;2;1;NON AC;
NOZ-00002;290-02-103 Dry Fog Nozzle 2;NOZZLE;PCS;1;3;1;NON AC;
OTH-00024;47049-234s Dry Fog Four Way Ss (sefa);LAIN-LAIN;PCS;0;1;1;NON AC;
OTH-00025;47049-214 Dry Fog Cap;LAIN-LAIN;PCS;0;1;1;NON AC;
OTH-00026;47049-230s Dry Fog Ss Lower Tank;LAIN-LAIN;PCS;0;1;1;NON AC;
SOG-00025;Seal Door;SEAL/ORING/GASKET;PCS;2;5;1;NON AC;
MEC-00029;Level Controller Rh-ll-600k;MECHANICAL COMPONENT;PCS;1;2;2;NON AC;
DSC-00001;Desiccant Alu Oxid 45.0kg 9.3380.00020;DESICCANT;PCS;1;3;5;NON AC;
DSC-00002;Desiccant Alumina 9.3380.00010;DESICCANT;PCS;1;3;1;NON AC;
SWT-00020;Pressure Switch 9.3049.02410;SWITCH/SAKLAR;PCS;2;5;2;NON AC;
INS-00005;Dew Point Indicator 8.6400.0;INSTRUMENT;PCS;1;2;1;NON AC;
OTH-00027;Condensate Drain 8.6352.0;LAIN-LAIN;PCS;0;1;1;NON AC;
FLT-00043;Filter Set 503000.00200;FILTER;PCS;2;4;1;NON AC;
GAS-00004;Argon Hp 7 M3;GAS;TBG;1;3;0;NON AC;
GAS-00005;Argon Hp 6 M3;GAS;TBG;2;5;0;NON AC;
GAS-00006;Gas Argon 1m3 Mr;GAS;TBG;1;3;1;NON AC;
GAS-00007;Gas Acetylene 1kg Mr;GAS;TBG;1;3;0;NON AC;
GAS-00008;Gas Acetylene 3kg Mr;GAS;TBG;1;3;0;NON AC;
GAS-00009;Nitrogen (n2) Hp 1.5 M3 Mr;GAS;TBG;1;2;2;NON AC;
GAS-00010;Gas Oksigen 1m3 Mr;GAS;TBG;1;2;0;NON AC;
GAS-00011;Gas Nitrogen Uhp;GAS;TBG;11;26;35;NON AC;
GAS-00012;Gas Oksigen 6m3;GAS;TBG;14;35;38;NON AC;
GAS-00013;Gas Nitrogen 6m3 Wg;GAS;TBG;2;5;5;NON AC;
GAS-00014;Gas Nitrogen Wg 6m3 Mr;GAS;TBG;1;2;1;NON AC;
GAS-00015;Gas Nitrogen 1m3 Mr;GAS;TBG;2;5;3;NON AC;
OTH-00028;Kain Majun;LAIN-LAIN;KG;80;200;100;NON AC;
GAS-00016;Regulator Nitrogen (nr-05);GAS;PCS;1;2;3;NON AC;
GAS-00017;Regulator Argon;GAS;PCS;1;2;1;NON AC;
PAD-00015;Thinner A (lt);PAINT/ADHESIVE;L;1;3;21;NON AC;
PAD-00016;Thinner A Spesial;PAINT/ADHESIVE;L;1;3;12;NON AC;
PAD-00017;Autosol;PAINT/ADHESIVE;PCS;1;3;16;NON AC;
PAD-00018;Cat Nippe 470 (putih);PAINT/ADHESIVE;KLG;1;3;2;NON AC;
PAD-00019;Cat Pylox Putih 102;PAINT/ADHESIVE;PCS;1;3;5;NON AC;
PAD-00020;Cat Pylox Hitam 109a Dop;PAINT/ADHESIVE;PCS;1;3;6;NON AC;
PAD-00021;Cat Nippe 480 Hitam;PAINT/ADHESIVE;PCS;1;3;1;NON AC;
PAD-00022;Cat Nippe 046 (abu2);PAINT/ADHESIVE;KG;1;3;1;NON AC;
PAD-00023;Cat Nippe Tint Base C0002 (biru Muda);PAINT/ADHESIVE;KLG;1;3;2;NON AC;
PAD-00024;Lem Alteco;PAINT/ADHESIVE;PCS;1;3;0;NON AC;
PAD-00025;Lem Dexton 15gr Glue;PAINT/ADHESIVE;PCS;1;3;15;NON AC;
PAD-00026;Lem Dexton 5 Mnt;PAINT/ADHESIVE;SET;1;3;3;NON AC;
PAD-00027;Lem Pvc Jp;PAINT/ADHESIVE;KLG;1;3;4;NON AC;
PAD-00028;Lem Jointing 3m Resin 82-a1-in Ori @350gr;PAINT/ADHESIVE;PCS;1;3;1;NON AC;
OTH-00029;Multipurpose Polyurethane Foam Sealent;LAIN-LAIN;BTL;0;1;15;NON AC;
PAD-00029;Sika Silicone Transp;PAINT/ADHESIVE;PCS;1;3;18;NON AC;
PAD-00030;Silicone Red (dexton);PAINT/ADHESIVE;PCS;1;3;3;NON AC;
PAD-00031;Sika Silicone White;PAINT/ADHESIVE;PCS;1;3;25;NON AC;
ABR-00001;Kertas Gosok 1000;ABRASIVE;LBR;2;5;13;NON AC;
ABR-00002;Kertas Gosok 2.5;ABRASIVE;LBR;2;5;23;NON AC;
ABR-00003;Kertas Gosok 240;ABRASIVE;LBR;2;5;11;NON AC;
ABR-00004;Kertas Gosok 320;ABRASIVE;LBR;2;5;20;NON AC;
ABR-00005;Kertas Gosok 600;ABRASIVE;LBR;2;5;7;NON AC;
ABR-00006;Kertas Gosok 800;ABRASIVE;LBR;2;5;8;NON AC;
ABR-00007;Kertas Gosok 150;ABRASIVE;LBR;2;5;18;NON AC;
ABR-00008;Kertas Gosok Bulat 120;ABRASIVE;LBR;2;5;6;NON AC;
MSP-00019;Adapter Sleeves H230;MACHINE SPARE PART;PCS;1;2;2;NON AC;
OTH-00030;Aerotape;LAIN-LAIN;PCS;0;1;59;NON AC;
OTH-00031;Alumunium Tape;LAIN-LAIN;PCS;0;1;20;NON AC;
MSP-00020;Adapter H 2308;MACHINE SPARE PART;PCS;1;2;10;NON AC;
MSP-00021;Adapter H 2309;MACHINE SPARE PART;PCS;1;2;4;NON AC;
MSP-00022;Adapter H2307;MACHINE SPARE PART;PCS;1;2;5;NON AC;
OTH-00032;Aluminium Sheet 0.5mmx1x50;LAIN-LAIN;PCS;0;1;7;NON AC;
MSP-00023;Bracket 3-5 Pk;MACHINE SPARE PART;SET;1;2;4;NON AC;
VLV-00091;Hand Valve Refri 3/8 (flaring);VALVE;PCS;1;2;4;NON AC;
CMP-00001;Compressor Danfoss Sz090 S4vc 7.5pk R407;COMPRESSOR;UNT;1;1;1;NON AC;
CMP-00002;Compressor Danfoss Sz147 A4alb R407 12pk;COMPRESSOR;PCS;1;1;6;NON AC;
MSP-00024;Carbon Vanes @5pcs P/n 90138800005;MACHINE SPARE PART;SET;1;2;2;NON AC;
CMP-00003;Compressor Copeland Zr72 Kc Tfd-52e R22 (6pk);COMPRESSOR;UNT;1;1;2;NON AC;
LUB-00012;"Coil Cond 7.5pk 3/8""-2r-th30-fl2185-fpi14 Blue F";LUBRICANT/OIL/GREASE;UNT;1;2;1;NON AC;
CMP-00004;Compressor Copeland 15pk R22;COMPRESSOR;UNT;1;1;1;NON AC;
CMP-00005;Compressor Danfoss 15pk Sz185s4cc R407 (kliru);COMPRESSOR;PCS;1;1;2;NON AC;
CMP-00006;Compressor H Bristol H13a38qdbea(3hp) R22;COMPRESSOR;PCS;1;1;2;NON AC;
CMP-00007;Compressor Copeland Piston Cr 62-5pk;COMPRESSOR;UNT;1;1;3;NON AC;
CMP-00008;Compressor Panasonic 2.5pk R22 2js438d3aad4;COMPRESSOR;UNT;1;1;2;NON AC;
CMP-00009;Compressor Bitzer Semi Hermatic 2ees-3y;COMPRESSOR;UNT;1;1;1;NON AC;
LUB-00013;"Coil Evaporator 3/8"" 6r-th17-fl760-fpi14-blue Fin";LUBRICANT/OIL/GREASE;UNT;1;2;1;NON AC;
LUB-00014;"Coil Evaporator 3/8"" 4r-th32 Fl1025";LUBRICANT/OIL/GREASE;UNT;1;2;1;NON AC;
CMP-00010;Compressor Kulkas Handen Hdw 91-1/4pk;COMPRESSOR;UNT;1;1;1;NON AC;
CMP-00011;Compressor Tecumseh Tfh5524e 3p R22;COMPRESSOR;UNT;1;1;2;NON AC;
PAD-00032;Duct Tape Lem Kecil;PAINT/ADHESIVE;PCS;1;3;275;NON AC;
PIP-00339;Double Nepple Tembaga 3/8;PIPE/FITTING;PCS;2;5;7;NON AC;
PIP-00340;Double Nepple Tembaga 1/4;PIPE/FITTING;PCS;2;5;3;NON AC;
PAD-00033;Duct Tape Non Lem Kecil;PAINT/ADHESIVE;PCS;1;3;30;NON AC;
OTH-00033;Duct Tape Coklat;LAIN-LAIN;PCS;0;1;100;NON AC;
VLV-00092;Expansion Valve Tcle-10hw 100;VALVE;PCS;1;2;7;NON AC;
VLV-00093;Expansion Valve Tcle-12hw 100;VALVE;PCS;1;2;14;NON AC;
VLV-00094;Expansion Valve Tcle-5hw 100;VALVE;PCS;1;2;8;NON AC;
VLV-00095;Expansion Valve Tcle-7,5hw 100;VALVE;PCS;1;2;13;NON AC;
PIP-00341;"Elbow Tembaga 5/8""";PIPE/FITTING;PCS;2;5;18;NON AC;
PIP-00342;Elbow Tembaga 1/4;PIPE/FITTING;PCS;2;5;10;NON AC;
PIP-00343;Elbow Tembaga 11/8;PIPE/FITTING;PCS;2;5;0;NON AC;
PIP-00344;Elbow Tembaga 3/8;PIPE/FITTING;PCS;2;5;5;NON AC;
PIP-00345;Elbow Tembaga 3/4;PIPE/FITTING;PCS;2;5;135;NON AC;
PIP-00346;Elbow Tembaga 1/2;PIPE/FITTING;PCS;2;5;30;NON AC;
PIP-00347;Elbow Tembaga 7/8;PIPE/FITTING;PCS;2;5;10;NON AC;
VLV-00096;Expansion Valve Tcle-3hw 100;VALVE;PCS;1;2;5;NON AC;
PIP-00348;"Elbow Tembaga 13/8""";PIPE/FITTING;PCS;2;5;239;NON AC;
PIP-00349;"Elbow Tembaga 1""";PIPE/FITTING;PCS;2;5;15;NON AC;
VLV-00097;Expansion Valve Saginomiya Cgx2315dh;VALVE;PCS;1;2;5;NON AC;
OTH-00034;Evaporator Alfa Lval Dh2-162;LAIN-LAIN;UNT;0;1;1;NON AC;
FLT-00044;Filter Driyer Dml-053;FILTER;PCS;2;4;5;NON AC;
FLT-00045;Filter Driyer Dml-164;FILTER;PCS;2;4;6;NON AC;
FLT-00046;Filter Driyer Ek-304;FILTER;PCS;2;4;17;NON AC;
FLT-00047;Filter Driyer Ek-305;FILTER;PCS;2;4;14;NON AC;
FLT-00048;Filter Driyer Ek-306;FILTER;PCS;2;4;14;NON AC;
OTH-00035;Freon R404a;LAIN-LAIN;TBG;0;1;5;NON AC;
OTH-00036;Freon R134a;LAIN-LAIN;TBG;0;1;10;NON AC;
OTH-00037;Freon R407c;LAIN-LAIN;TBG;0;1;35;NON AC;
OTH-00038;Freon R22;LAIN-LAIN;TBG;0;1;22;NON AC;
OTH-00039;Freon R32;LAIN-LAIN;TBG;0;1;19;NON AC;
FLT-00049;Filter Driyer Ek-163;FILTER;PCS;2;4;1;NON AC;
OTH-00040;Freon R410;LAIN-LAIN;TBG;0;1;5;NON AC;
ELA-00020;"Frame Flexible Duct 37""x25""x12""x13""";ELECTRICAL ACCESSORIES;PCS;1;2;1;NON AC;
FLT-00050;Filter Scrubber Frame Ss304 243x250x720mm;FILTER;PCS;2;4;2;NON AC;
FLT-00051;Filter Driyer Dml 163;FILTER;PCS;2;4;3;NON AC;
FLT-00052;Filter Scrubber Frame Ss 304 243x242x720mm;FILTER;PCS;2;4;6;NON AC;
FLT-00053;Filter Scrubber Frame Ss 304 270x300x720mm;FILTER;PCS;2;4;6;NON AC;
FAN-00014;Fan Motor Condenser Itu 3/4hp/k08;FAN;PCS;1;2;1;NON AC;
FAN-00015;Fan Motor (blower Ac) Acxa92-00100 U/ Lab Lt2;FAN;PCS;1;2;2;NON AC;
HVAC-00003;"Fast Damper Actuator Gdb161.1e ""siemens""";HVAC COMPONENT;PCS;1;2;1;NON AC;
FLT-00054;"Filter Drier Dml-163 (3/8"")";FILTER;PCS;2;4;6;NON AC;
OTH-00041;Freon R11;LAIN-LAIN;TB;0;1;8;NON AC;
FLT-00055;"Filter Drier Sheel Castel 7/8"" 1core";FILTER;PCS;2;4;3;NON AC;
FAN-00016;"Fan Motor Ebm 25""s4d630-ar01 400v 50hz";FAN;PCS;1;2;2;NON AC;
ELA-00021;Flexible 11/8;ELECTRICAL ACCESSORIES;PCS;1;2;5;NON AC;
FLT-00056;Filter Driyer Ek 165 (5/8;FILTER;PCS;2;4;3;NON AC;
ELA-00022;Flexible 7/8;ELECTRICAL ACCESSORIES;PCS;1;2;3;NON AC;
OTH-00042;Flaring Tool Hydrolic Ct-300l;LAIN-LAIN;PCS;0;1;1;NON AC;
ELA-00023;"Flexible 1 3/8""";ELECTRICAL ACCESSORIES;PCS;1;2;3;NON AC;
PIP-00350;"Flexible Joint (rubber Double Bellow Idk 2.5""";PIPE/FITTING;PCS;2;5;2;NON AC;
FLT-00057;Hepa Filter 11 X 25 X 2 (305 X 610 X 70);FILTER;PCS;2;4;2;NON AC;
FLT-00058;Hepa Filter 1170 X 570 X 69;FILTER;PCS;2;4;8;NON AC;
FLT-00059;Hepa Filter 12 X 24 X 11 (305 X 610 X 292);FILTER;PCS;2;4;2;NON AC;
FLT-00060;Hepa Filter 12 X 24 X 6 (305 X 610 X 148);FILTER;PCS;2;4;1;NON AC;
FLT-00061;Hepa Filter 12 X 25 X 6 (305 X 610 X 150);FILTER;PCS;2;4;2;NON AC;
FLT-00062;Hepa Filter 1219 X 610 X 66;FILTER;PCS;2;4;2;NON AC;
FLT-00063;Hepa Filter 13 X 11 X 2 (345 X 295 X 70);FILTER;PCS;2;4;2;NON AC;
FLT-00064;Hepa Filter 24 X 24 X 5 7/8 (550 X 750 X 117);FILTER;PCS;2;4;2;NON AC;
FLT-00065;Hepa Filter 24 X 36 X 11;FILTER;PCS;2;4;4;NON AC;
FLT-00066;Hepa Filter 290 X 290 X 50;FILTER;PCS;2;4;4;NON AC;
FLT-00067;Hepa Filter 305 X 610 X 292;FILTER;PCS;2;4;1;NON AC;
FLT-00068;Hepa Filter 36 X 24 X 2 (915 X 610 X 70);FILTER;PCS;2;4;5;NON AC;
FLT-00069;Hepa Filter 48 X 24 X 2 (1220 X 610 X 70);FILTER;PCS;2;4;3;NON AC;
FLT-00070;Hepa Filter 48 X 24 X 6 (1220 X 610 X 150);FILTER;PCS;2;4;3;NON AC;
FLT-00071;Hepa Filter 570 X 570 X 69;FILTER;PCS;2;4;1;NON AC;
FLT-00072;Hepa Filter 595 X 1195 X 69;FILTER;PCS;2;4;3;NON AC;
FLT-00073;Hepa Filter 610 X 610 X 149;FILTER;PCS;2;4;3;NON AC;
FLT-00074;Hepa Filter 610 X 610 X 292 (24x24x12);FILTER;PCS;2;4;1;NON AC;
VLV-00098;"Hand Valve 5/8"" (flare+nut)";VALVE;SET;1;3;15;NON AC;
FLT-00075;Hepa Filter Iaf 12x20x12 (305x507x305);FILTER;PCS;2;4;4;NON AC;
FLT-00076;Hepa Filter Iaf 12x24x12 (305x610x305);FILTER;PCS;2;4;2;NON AC;
FLT-00077;Hepa Filter Iaf 20x24x12 (507x610x305);FILTER;PCS;2;4;4;NON AC;
VLV-00099;"Hand Valve 1/2"" (flare+nut)";VALVE;SET;1;2;5;NON AC;
VLV-00100;"Hand Valve 3/4"" (flare+nut)";VALVE;SET;1;2;11;NON AC;
FLT-00078;Hepa Filter 24x24x12;FILTER;PCS;2;4;28;NON AC;
FLT-00079;Hepa Filter 12x24x12;FILTER;PCS;2;4;12;NON AC;
VLV-00101;"Hand Valve 1/4""";VALVE;PCS;1;2;2;NON AC;
SNS-00004;Housing Sensor Suhu Dry Block;SENSOR;PCS;1;2;1;NON AC;
VLV-00102;"Hand Valve 3/8"" Tembaga (las)";VALVE;PCS;1;2;2;NON AC;
FLT-00080;Hepa Filter 457x610x150mm;FILTER;PCS;2;4;8;NON AC;
FLT-00081;"Hepa Filter 30""x18""x5-7/8""";FILTER;PCS;2;4;2;NON AC;
FLT-00082;"Hepa Filter 24""x18""x5-7/8""";FILTER;PCS;2;4;2;NON AC;
OTH-00043;Insulation 11/8 X 3/8;LAIN-LAIN;PCS;0;1;50;NON AC;
WLD-00002;Kawat Las Perak;WELDING;PCS;1;2;219;NON AC;
OTH-00044;Kipas Pompa Uk2.8;LAIN-LAIN;PCS;0;1;2;NON AC;
FLT-00083;Medium Filter 24 X 24 X 12;FILTER;PCS;2;4;15;NON AC;
FLT-00084;Medium Filter 287 X 597 X 292;FILTER;PCS;2;4;14;NON AC;
FLT-00085;Medium Filter 593 X 593 X 290;FILTER;PCS;2;4;4;NON AC;
OTH-00045;Magnehelic Type: 2000-750pa Dwyer (0-700);LAIN-LAIN;PCS;0;1;2;NON AC;
FLT-00086;Medium Filter 24x20x4 (592x492x93mm);FILTER;PCS;2;4;4;NON AC;
FLT-00087;Medium Filter 12x20x4mm (287x492x93mm);FILTER;PCS;2;4;6;NON AC;
OTH-00046;Metalishing Tape;LAIN-LAIN;PCS;0;1;43;NON AC;
FLT-00088;Medium Filter 24x12x4 (592x287x93mm);FILTER;PCS;2;4;4;NON AC;
FLT-00089;Medium Filter 495x450x47mm;FILTER;PCS;2;4;6;NON AC;
OTH-00047;Manometer Vg. Refco M2-250ds R134a;LAIN-LAIN;PCS;0;1;4;NON AC;
OTH-00048;Manometer Pg. Refco M2-500ds R134a;LAIN-LAIN;PCS;0;1;4;NON AC;
FLT-00090;Medium Filter 12*24*12;FILTER;PCS;2;4;6;NON AC;
FLT-00091;Medium Filter 762.5x505x103mm;FILTER;PCS;2;4;6;NON AC;
FLT-00092;Medium Filter 762.5x300x103mm;FILTER;PCS;2;4;6;NON AC;
OTH-00049;Medicon Expantion 28 Io Tm172sct828e Schneider;LAIN-LAIN;PCS;0;1;2;NON AC;
OTH-00050;Manifold Refco R22.r32.r410;LAIN-LAIN;SET;0;1;1;NON AC;
FLT-00093;Medium Filter 20x24x4;FILTER;PCS;2;4;2;NON AC;
OTH-00051;Nut/nepel Tembaga 3/8;LAIN-LAIN;PCS;0;1;60;NON AC;
OTH-00052;Nut/nepel Tembaga 1/4;LAIN-LAIN;PCS;0;1;25;NON AC;
FST-00023;Nut Tembaga 1/4;BOLT/NUT/FASTENER;PCS;1;2;40;NON AC;
OTH-00053;Nut/nepel Tembaga 1/2;LAIN-LAIN;PCS;0;1;45;NON AC;
OTH-00054;Nut/nepel Tembaga 3/4;LAIN-LAIN;PCS;0;1;8;NON AC;
OTH-00055;Nepple Y 3/8 Tembaga;LAIN-LAIN;PCS;0;1;10;NON AC;
FST-00024;"Nepel/nut Tembaga 5/8""";BOLT/NUT/FASTENER;PCS;1;2;20;NON AC;
LUB-00015;Oli Suniso 4gs @4ltr;LUBRICANT/OIL/GREASE;GLN;1;2;4;NON AC;
LUB-00016;Oil Press Control Danfoss Mp54;LUBRICANT/OIL/GREASE;PCS;1;2;1;NON AC;
LUB-00017;Oli Emkarate Rl 68 @5ltr;LUBRICANT/OIL/GREASE;KLG;1;2;4;NON AC;
OTH-00056;Pillow Block Ucf-209;LAIN-LAIN;PCS;0;1;2;NON AC;
OTH-00057;Pillow Block Ucf-207;LAIN-LAIN;PCS;0;1;2;NON AC;
OTH-00058;Pillow Block Ucp-208j;LAIN-LAIN;PCS;0;1;2;NON AC;
OTH-00059;Pillow Block Ucp-209j;LAIN-LAIN;PCS;0;1;3;NON AC;
OTH-00060;Pillow Block Ucp-210j;LAIN-LAIN;PCS;0;1;3;NON AC;
OTH-00061;Pillow Block Ukp-207j;LAIN-LAIN;PCS;0;1;9;NON AC;
OTH-00062;Pillow Block Ukp-208;LAIN-LAIN;PCS;0;1;15;NON AC;
OTH-00063;Pillow Block Ukp-209j;LAIN-LAIN;PCS;0;1;2;NON AC;
PIP-00351;Pipa Tembaga 1/2;PIPE/FITTING;ROL;2;5;1;NON AC;
PIP-00352;Pipa Tembaga 3/4;PIPE/FITTING;ROL;2;5;1;NON AC;
PIP-00353;Pipa Tembaga 3/8;PIPE/FITTING;ROL;2;5;17;NON AC;
PIP-00354;Pipa Tembaga 5/8;PIPE/FITTING;ROL;2;5;4;NON AC;
FLT-00094;Pre Filter 109 X 31;FILTER;PCS;2;4;1;NON AC;
FLT-00095;Pre Filter 109 X 34;FILTER;PCS;2;4;1;NON AC;
FLT-00096;Pre Filter 109 X 46;FILTER;PCS;2;4;8;NON AC;
FLT-00097;Pre Filter 30 X 60 X 5 Cm;FILTER;PCS;2;4;7;NON AC;
FLT-00098;Pre Filter 39,5 X 29;FILTER;PCS;2;4;1;NON AC;
FLT-00099;Pre Filter 40 X 55,5;FILTER;PCS;2;4;3;NON AC;
FLT-00100;Pre Filter 49 X 29 X 5;FILTER;PCS;2;4;13;NON AC;
FLT-00101;Pre Filter 49 X 59,5;FILTER;PCS;2;4;19;NON AC;
FLT-00102;Pre Filter 50 X 50;FILTER;PCS;2;4;6;NON AC;
FLT-00103;Pre Filter 50 X 59;FILTER;PCS;2;4;2;NON AC;
FLT-00104;Pre Filter 53 X 120;FILTER;PCS;2;4;2;NON AC;
FLT-00105;Pre Filter 53 X 152,5;FILTER;PCS;2;4;2;NON AC;
FLT-00106;Pre Filter 54,5 X 66;FILTER;PCS;2;4;2;NON AC;
FLT-00107;Pre Filter 55,5 X 76;FILTER;PCS;2;4;3;NON AC;
FLT-00108;Pre Filter 60x60x5cm (24x24x2);FILTER;PCS;2;4;17;NON AC;
PIP-00355;Pipa Tembaga 1/4;PIPE/FITTING;ROL;2;5;15;NON AC;
FLT-00109;Pre Filter Iaf 20x18x2;FILTER;PCS;2;4;4;NON AC;
PIP-00356;Pipa Tembaga 5/8;PIPE/FITTING;BTG;2;5;29;NON AC;
OTH-00064;Pentil Ac;LAIN-LAIN;PCS;0;1;79;NON AC;
FLT-00110;Pre Filter Iaf 24x24x2;FILTER;PCS;2;4;9;NON AC;
FLT-00111;Pre Filter Iaf 12x24x2;FILTER;PCS;2;4;4;NON AC;
FLT-00112;Pre Filter 24x12x2 Camfil;FILTER;PCS;2;4;5;NON AC;
PIP-00357;Pipa Tembaga 3/4;PIPE/FITTING;BTG;2;5;24;NON AC;
PIP-00358;Pipa Tembaga 3/8;PIPE/FITTING;BTG;2;5;46;NON AC;
FLT-00113;Pre Filter Iaf 790x620x47mm;FILTER;PCS;2;4;2;NON AC;
FLT-00114;Pre Filter Iaf 900x570x47mm;FILTER;PCS;2;4;2;NON AC;
FLT-00115;Pre Filter Iaf 895x570x47mm;FILTER;PCS;2;4;2;NON AC;
FLT-00116;Pre Filter Iaf 1090x685x47mm;FILTER;PCS;2;4;2;NON AC;
FLT-00117;Pre Filter Iaf 1350x612x47mm;FILTER;PCS;2;4;2;NON AC;
FLT-00118;Pre Filter Iaf 1100x725x47mm;FILTER;PCS;2;4;2;NON AC;
FLT-00119;Pre Filter Iaf 1100x715x47mm;FILTER;PCS;2;4;2;NON AC;
FLT-00120;Pre Filter Iaf 1090x610x47mm;FILTER;PCS;2;4;2;NON AC;
FLT-00121;Pre Filter Iaf 845x490x50mm;FILTER;PCS;2;4;2;NON AC;
FLT-00122;Pre Filter Iaf 570x490x50mm;FILTER;PCS;2;4;2;NON AC;
FLT-00123;Pre Filter Iaf 695x490x50mm;FILTER;PCS;2;4;2;NON AC;
FLT-00124;Pre Filter Iaf 300x490x50mm;FILTER;PCS;2;4;6;NON AC;
FLT-00125;Pre Filter Iaf 490x490x50mm;FILTER;PCS;2;4;6;NON AC;
FLT-00126;Pre Filter Iaf 705x330x50mm;FILTER;PCS;2;4;24;NON AC;
FLT-00127;Pre Filter Iaf 282x592x360mm;FILTER;PCS;2;4;6;NON AC;
FLT-00128;Pre Filter Iaf 595x490x50mm;FILTER;PCS;2;4;4;NON AC;
FLT-00129;Pre Filter Iaf 620x290x50mm;FILTER;PCS;2;4;2;NON AC;
FLT-00130;Pre Filter Iaf 430x490x50mm;FILTER;PCS;2;4;10;NON AC;
FLT-00131;Pre Filter Iaf 480x490x50mm;FILTER;PCS;2;4;2;NON AC;
FLT-00132;Pre Filter Iaf 650x290x50mm;FILTER;PCS;2;4;2;NON AC;
FLT-00133;Pre Filter Iaf 390x290x50mm;FILTER;PCS;2;4;6;NON AC;
FLT-00134;Pre Filter Iaf 790x490x50mm;FILTER;PCS;2;4;2;NON AC;
FLT-00135;Pre Filter Iaf 1090x690x47mm;FILTER;PCS;2;4;2;NON AC;
FLT-00136;Pre Filter Iaf 445x490x50mm;FILTER;PCS;2;4;2;NON AC;
FLT-00137;Pre Filter 80x59x5;FILTER;PCS;2;4;2;NON AC;
FLT-00138;Pre Filter 84x56.5x5;FILTER;PCS;2;4;2;NON AC;
FLT-00139;Pre Filter 84x59x5;FILTER;PCS;2;4;2;NON AC;
FLT-00140;Pre Filter 89x59.5x5;FILTER;PCS;2;4;4;NON AC;
FLT-00141;Pre Filter 89x60x5;FILTER;PCS;2;4;4;NON AC;
FLT-00142;Pre Filter 89.5x57x5;FILTER;PCS;2;4;2;NON AC;
FLT-00143;Pre Filter 99x66.5x5;FILTER;PCS;2;4;2;NON AC;
FLT-00144;Pre Filter 99.5x62x5;FILTER;PCS;2;4;1;NON AC;
FLT-00145;Pre Filter 104.5x52x5;FILTER;PCS;2;4;2;NON AC;
FLT-00146;Pre Filter 109x61x5;FILTER;PCS;2;4;4;NON AC;
FLT-00147;Pre Filter 109x68.5x5;FILTER;PCS;2;4;2;NON AC;
FLT-00148;Pre Filter 109.5x66.5x5;FILTER;PCS;2;4;5;NON AC;
FLT-00149;Pre Filter 110x71.5x5;FILTER;PCS;2;4;2;NON AC;
FLT-00150;Pre Filter 115x54.4x5;FILTER;PCS;2;4;3;NON AC;
FLT-00151;Pre Filter 115x64.5x5;FILTER;PCS;2;4;2;NON AC;
FLT-00152;Pre Filter 119x54.5x5;FILTER;PCS;2;4;3;NON AC;
FLT-00153;Pre Filter 159x51x5;FILTER;PCS;2;4;3;NON AC;
FLT-00154;Pre Filter 135x61.5x5;FILTER;PCS;2;4;2;NON AC;
FLT-00155;Pre Filter 174x55x5;FILTER;PCS;2;4;2;NON AC;
FLT-00156;Pre Filter 110x72.5x5;FILTER;PCS;2;4;2;NON AC;
FLT-00157;Pre Filter 109x69x5;FILTER;PCS;2;4;3;NON AC;
FLT-00158;Washable Pre Filter 495x450x47mm Zig-zag Frame;FILTER;PCS;2;4;15;NON AC;
PIP-00359;Pipa Tembaga 11/8;PIPE/FITTING;BTG;2;5;5;NON AC;
PIP-00360;Pipa Tembaga 1/2;PIPE/FITTING;BTG;2;5;3;NON AC;
FLT-00159;Pre Filter Iaf 20x25x2;FILTER;PCS;2;4;30;NON AC;
FLT-00160;Pre Filter 289x594x95mm;FILTER;PCS;2;4;5;NON AC;
FLT-00161;Pre Filter 500x380x50mm;FILTER;PCS;2;4;10;NON AC;
PIP-00361;Pipa Tembaga Batangan 7/8;PIPE/FITTING;BTG;2;5;6;NON AC;
OTH-00065;Pressure Control 060-110366 Kp-1 (manual);LAIN-LAIN;PCS;0;1;1;NON AC;
GGM-00003;"Pressure Gauge /vacuum Gauge 4"" 1/2"" ""baumer""";GAUGE/METER;PCS;1;2;2;NON AC;
OTH-00066;Pillow Block Ucp 207;LAIN-LAIN;PCS;0;1;6;NON AC;
FLT-00162;Pre Filter 450x350x50mm;FILTER;PCS;2;4;11;NON AC;
FLT-00163;Pre Filter 550x350x45mm;FILTER;PCS;2;4;6;NON AC;
FLT-00164;Pre Filter 500*380*47mm;FILTER;PCS;2;4;6;NON AC;
PIP-00362;Pipa Tembaga 13/8 Batang;PIPE/FITTING;BTG;2;5;1;NON AC;
FLT-00165;Pre Filter 300x300x50mm;FILTER;CAR;2;4;10;NON AC;
FLT-00166;Pre Filter 600x450x50mm;FILTER;PCS;2;4;10;NON AC;
OTH-00067;Pentil Ac R-12 (revil);LAIN-LAIN;PCS;0;1;100;NON AC;
MEC-00030;Reciver (electric Controller Cwa7 467 16);MECHANICAL COMPONENT;PCS;1;2;5;NON AC;
OTH-00068;Remote Ac Daikin Type: Brc1nu64s 4006174;LAIN-LAIN;PCS;0;1;6;NON AC;
BAT-00006;"Suction Accumulator A-as465 5/8""";BATTERY/ACCU;PCS;1;2;1;NON AC;
BAT-00007;"Suction Accumulator A-as51711 13/8""";BATTERY/ACCU;PCS;1;2;4;NON AC;
SCK-00065;"Sock Tembaga 5/8""";SOCKET/STECKER;PCS;2;5;52;NON AC;
SCK-00066;"Sock Tembaga 1/4""";SOCKET/STECKER;PCS;2;5;50;NON AC;
BAT-00008;"Suction Accumulator 15/8""";BATTERY/ACCU;PCS;1;2;1;NON AC;
SCK-00067;Sock Tembaga 11/8;SOCKET/STECKER;PCS;2;5;20;NON AC;
SCK-00068;"Sock Tembaga 3/8""";SOCKET/STECKER;PCS;2;5;49;NON AC;
SCK-00069;"Sock Tembaga 3/4""";SOCKET/STECKER;PCS;2;5;53;NON AC;
OTH-00069;Segel Thread 3/8 (10mm);LAIN-LAIN;PCS;0;1;4;NON AC;
OTH-00070;Support Magnehelic;LAIN-LAIN;PCS;0;1;16;NON AC;
SNS-00005;Sensor Ac (aircon Part Thermistor Nat, Ganda Merah);SENSOR;PCS;1;2;5;NON AC;
SCK-00070;Sock Tembaga 1/2;SOCKET/STECKER;PCS;2;5;80;NON AC;
CMP-00012;Sensor Compressor Discharge Refrigerant;COMPRESSOR;PCS;1;1;1;NON AC;
OTH-00071;"Sigh Glass 1/2"" Zero 32004 (solder)";LAIN-LAIN;PCS;0;1;1;NON AC;
BAT-00009;"Suction Accumulator Hd Blr/a-as 596 3/4""";BATTERY/ACCU;PCS;1;2;2;NON AC;
HVAC-00004;Siemens Electromotoric Actuators Ssa61u;HVAC COMPONENT;PCS;1;2;4;NON AC;
SCK-00071;"Sock Tembaga 7/8""";SOCKET/STECKER;PCS;2;5;39;NON AC;
HVAC-00005;Siemens Electromotoric Actuators Ssa161.05hf;HVAC COMPONENT;PCS;1;2;5;NON AC;
SNS-00006;Siemens Temperature Sensor Qam2161.040;SENSOR;PCS;1;2;1;NON AC;
SCK-00072;"Sock Tembaga 13/8""";SOCKET/STECKER;PCS;2;5;28;NON AC;
BAT-00010;"Suction Accumulator Zr-5139 11/8""";BATTERY/ACCU;PCS;1;2;1;NON AC;
SNS-00007;Siemens Temperature Humidity Sensor Qfm2160;SENSOR;PCS;1;2;4;NON AC;
SCK-00073;"Sock Tembaga 1""";SOCKET/STECKER;PCS;2;5;10;NON AC;
VLV-00103;"Solenoid Valve Saginomiya Sev-6038xf 3/8"" 220v";VALVE;PCS;1;2;5;NON AC;
OTH-00072;"Thermaflex 3/4""";LAIN-LAIN;PCS;1;2;273;NON AC;
HVAC-00006;Thermostat Honeywell T637a1108;HVAC COMPONENT;PCS;1;2;2;NON AC;
HVAC-00007;Thermostat Etc-200;HVAC COMPONENT;PCS;1;2;3;NON AC;
OTH-00073;Thermal Paper Roll 58mmx48mm (register);LAIN-LAIN;PCS;0;1;17;NON AC;
ELA-00024;Terpal Flexible Duct 245x20cm;ELECTRICAL ACCESSORIES;PCS;1;2;1;NON AC;
ELA-00025;Terpal Flexible Duct 355x20cm;ELECTRICAL ACCESSORIES;PCS;1;2;1;NON AC;
OTH-00074;Thermaflex 1/2;LAIN-LAIN;PCS;0;1;25;NON AC;
OTH-00075;"Thermaflex 1/4""";LAIN-LAIN;PCS;0;1;10;NON AC;
OTH-00076;"Thermaflex 11/8""";LAIN-LAIN;PCS;0;1;15;NON AC;
OTH-00077;Thermaflex 3/8;LAIN-LAIN;PCS;0;1;136;NON AC;
CBL-00008;Thermostat Eliwell C902ntc (230v+kabel;CABLE;PCS;1;2;8;NON AC;
OTH-00078;"Thermaflex 11/2""";LAIN-LAIN;PCS;0;1;35;NON AC;
OTH-00079;"Thermaflex 1""";LAIN-LAIN;PCS;0;1;29;NON AC;
SNS-00008;"Temperature & Humidity Sensor Qfa3171 'siemens""";SENSOR;PCS;1;2;3;NON AC;
OTH-00080;Thermaflex Tube 17/8x1/2x2mtr;LAIN-LAIN;PCS;0;1;5;NON AC;
HVAC-00008;Thermostat Carel Ir33z9hr20;HVAC COMPONENT;PCS;1;2;18;NON AC;
HVAC-00009;Thermostat Carel Ir33v7hr20;HVAC COMPONENT;PCS;1;2;17;NON AC;
OTH-00081;Tubing Ahu;LAIN-LAIN;PCS;0;1;10;NON AC;
OTH-00082;"Thermaflex 13/8""";LAIN-LAIN;BTG;0;1;40;NON AC;
SNS-00009;Temperature&humidity Sensor Carel Dpdc111000;SENSOR;PCS;1;2;1;NON AC;
OTH-00083;"Thermaflex 11/4""";LAIN-LAIN;PCS;0;1;101;NON AC;
SNS-00010;Temperature Humidity Sensor Siemens Qfm2171;SENSOR;PCS;1;2;4;NON AC;
OTH-00084;Toilon Thermotech Ixpe;LAIN-LAIN;PCS;0;1;2;NON AC;
PIP-00363;"Tee Tembaga 1/4""";PIPE/FITTING;PCS;2;5;20;NON AC;
OTH-00085;"Universal I/o Module Txm1.8u ""siemens""";LAIN-LAIN;PCS;0;1;2;NON AC;
HTR-00005;United Heater Multi Form 8.3x3043mm 2200w;HEATER;PCS;1;2;6;NON AC;
VLV-00104;Valve Actuator Ssa61u;VALVE;PCS;1;2;1;NON AC;
VLV-00105;Valve (kran) Outdoor 3/4;VALVE;PCS;1;2;2;NON AC;
VLV-00106;Valve (kran) Outdoor 5/8;VALVE;PCS;1;2;2;NON AC;
OTH-00086;"Vacum Pump ""tasco"" Ta 150xc-220 1hp 2 Stage";LAIN-LAIN;PCS;0;1;1;NON AC;
FLT-00167;Washable Filter 705*330*47mm (iaf) Zig Zag Frame;FILTER;PCS;2;4;4;NON AC;
FLT-00168;Washable Filter 656*710*47mm (iaf) Zig Zag Frame;FILTER;PCS;2;4;2;NON AC;
FLT-00169;Washable Filter 225*340*47mm (iaf) Zig Zag Frame;FILTER;PCS;2;4;16;NON AC;
FLT-00170;"Washable Filter 12""x12""x2"" (iaf) Zig Zag Frame Pre";FILTER;PCS;2;4;12;NON AC;
FLT-00171;"Washable Filter 24""x12""x2"" (iaf) Zig Zag Frame Pre";FILTER;PCS;2;4;5;NON AC;
FLT-00172;Washable Filter 790x520x47mm Zig Zag Frame (pre);FILTER;PCS;2;4;2;NON AC;
FLT-00173;Washable Filter 890x600x47mm Zig Zag Frame (pre);FILTER;PCS;2;4;20;NON AC;
FLT-00174;Washable Filter 940x915x47mm Zig Zag Frame (pre);FILTER;PCS;2;4;2;NON AC;
FLT-00175;Washable Filter 990x665x47mm Zig Zag Frame Pre;FILTER;PCS;2;4;2;NON AC;
FLT-00176;Washable Filter 990x460x47mm Zig Zag Frame Pre;FILTER;PCS;2;4;2;NON AC;
FLT-00177;Washable Filter 995x620x47mm Zig Zag Frame Pre;FILTER;PCS;2;4;2;NON AC;
FLT-00178;Washable Filter 119x545x47mm Zig Zag Frame Pre;FILTER;PCS;2;4;2;NON AC;
FLT-00179;Washable Filter 289x595x47mm Zig Zag Frame;FILTER;PCS;2;4;25;NON AC;
FLT-00180;Washable Filter 600x600x70mm Zig Zag Frame (pre);FILTER;PCS;2;4;8;NON AC;
FLT-00181;Washable Filter 600x300x70mm Zig Zag Frame (pre);FILTER;PCS;2;4;8;NON AC;
FLT-00182;Washabel Filter 710*655*46mm Zig Zag;FILTER;PCS;2;4;3;NON AC;
FLT-00183;Washabel Filter 197*300*47mm Zig Zag Frame;FILTER;PCS;2;4;10;NON AC;
OTH-00087;Air Duster;LAIN-LAIN;PCS;1;3;3;NON AC;
OTH-00088;"Batu Potong 4"" Resibon";LAIN-LAIN;PCS;2;3;12;NON AC;
OTH-00089;Batu Potong 4 Kinik;LAIN-LAIN;PCS;2;3;7;NON AC;
OTH-00090;Batu Potong 6;LAIN-LAIN;LBR;0;1;2;NON AC;
OTH-00091;"Batu Potong 14"" Resibon";LAIN-LAIN;PCS;0;1;2;NON AC;
WLD-00003;Cairan Pembersih Las (nabakem Sr 600) @1kg;WELDING;BTL;1;2;1;NON AC;
PIP-00364;"Cutting Pipa Ct 128 (cutter) 1/8""";PIPE/FITTING;PCS;2;5;2;NON AC;
PIP-00365;Cutting Pipa Ct 312 (cutter);PIPE/FITTING;PCS;2;5;1;NON AC;
RWM-00013;Cutter Acrilic/pisau Acrilic;RAW MATERIAL;PCS;0;1;1;NON AC;
OTH-00092;Cartridge Organic Vapour 6003;LAIN-LAIN;PCS;0;1;6;NON AC;
OTH-00093;Corong 25 Cm Mp;LAIN-LAIN;PCS;0;1;2;NON AC;
PIP-00366;Cutting Pipa Vtc-19;PIPE/FITTING;PCS;2;5;1;NON AC;
OTH-00094;"Diamond Whell 4""";LAIN-LAIN;PCS;0;1;1;NON AC;
OTH-00095;Drip (betel Pin Set);LAIN-LAIN;SET;0;1;1;NON AC;
OTH-00096;Earmuff H10a 3m;LAIN-LAIN;PCS;0;1;2;NON AC;
FLT-00184;Filter Mask 3 M 3303 K-100;FILTER;PCS;2;4;6;NON AC;
FLT-00185;Filter Mask 3 M 6003;FILTER;PCS;2;4;1;NON AC;
OTH-00097;"Flap Disk 4"" 60";LAIN-LAIN;PCS;1;3;20;NON AC;
FLT-00186;Filter Holder 1700 3m;FILTER;PCS;2;4;1;NON AC;
MSP-00025;Flap Disc A320;MACHINE SPARE PART;PCS;1;2;9;NON AC;
OTH-00098;Flap Disk 240;LAIN-LAIN;PCS;0;1;10;NON AC;
OTH-00099;Gunting Seng;LAIN-LAIN;PCS;0;1;1;NON AC;
WLD-00004;Gelas Ukur 5l;WELDING;PCS;1;2;2;NON AC;
OTH-00100;Hi-cook;LAIN-LAIN;PCS;0;1;5;NON AC;
OTH-00101;Hole Saw 16mm;LAIN-LAIN;PCS;0;1;1;NON AC;
OTH-00102;Hole Saw 23mm;LAIN-LAIN;PCS;1;2;3;NON AC;
SAF-00001;Helm Biru;SAFETY/EQUIPMENT;PCS;1;3;1;NON AC;
OTH-00103;Hand Tap M4 (mata Tap);LAIN-LAIN;SET;0;1;1;NON AC;
OTH-00104;Hand Tap M8 (mata Tap);LAIN-LAIN;SET;0;1;1;NON AC;
OTH-00105;Hole Saw 35 Mm;LAIN-LAIN;PCS;0;1;2;NON AC;
OTH-00106;Half Facepiece Respirator 3200 3m;LAIN-LAIN;PCS;0;1;1;NON AC;
SAF-00002;Helm Las;SAFETY/EQUIPMENT;PCS;1;2;1;NON AC;
OTH-00107;Hpl Taco Th 056aa;LAIN-LAIN;LBR;0;1;4;NON AC;
OTH-00108;Isolasi Kertas;LAIN-LAIN;PCS;8;19;40;NON AC;
PAD-00034;Isi Lem Tembak Besar;PAINT/ADHESIVE;PCS;1;3;10;NON AC;
OTH-00109;Isolasi Kertas Besar;LAIN-LAIN;PCS;0;1;2;NON AC;
OTH-00110;"Kunci Inggris 6""";LAIN-LAIN;PCS;1;2;0;NON AC;
OTH-00111;Kunci L Set Panjang Mm;LAIN-LAIN;SET;1;2;2;NON AC;
OTH-00112;Kunci Ring Pas 14mm;LAIN-LAIN;PCS;1;2;0;NON AC;
OTH-00113;Kunci Ring Pas 8mm;LAIN-LAIN;PCS;1;2;0;NON AC;
OTH-00114;Kunci Ring Pas 10mm;LAIN-LAIN;PCS;1;2;0;NON AC;
SCK-00074;"Kunci Sock 1/2"" 10mm";SOCKET/STECKER;PCS;2;5;0;NON AC;
WLD-00005;Kawat Las Rd-260 Arc 1.6;WELDING;KG;1;3;0;NON AC;
PIP-00367;"Kunci Pipa 8""";PIPE/FITTING;PCS;2;5;2;NON AC;
OTH-00115;Korek Gas;LAIN-LAIN;PCS;0;1;7;NON AC;
OTH-00116;Kunci Ring Pas 12mm;LAIN-LAIN;PCS;1;2;0;NON AC;
OTH-00117;Kunci L Set Panjang Inchi;LAIN-LAIN;SET;1;2;0;NON AC;
OTH-00118;Kunci Ring Pas 17mm;LAIN-LAIN;PCS;1;2;0;NON AC;
WLD-00006;Kaca Las Hitam Din 11;WELDING;PCS;1;2;5;NON AC;
SAF-00003;Kacamata Safety H1069;SAFETY/EQUIPMENT;PCS;1;2;2;NON AC;
WLD-00007;Kaca Las Putih;WELDING;PCS;1;2;3;NON AC;
OTH-00119;Kunci Ring Pas 13mm;LAIN-LAIN;PCS;1;2;0;NON AC;
SCK-00075;"Kunci Sock 1/2"" 14mm";SOCKET/STECKER;PCS;2;5;0;NON AC;
OTH-00120;Kapur Besi Ferrari;LAIN-LAIN;PCS;0;1;1;NON AC;
OTH-00121;Kerekan Catrol (hand Winch 350kg);LAIN-LAIN;PCS;0;1;1;NON AC;
OTH-00122;Kanebo;LAIN-LAIN;PCS;0;1;5;NON AC;
OTH-00123;Kedok Gerinda;LAIN-LAIN;PCS;0;1;2;NON AC;
OTH-00124;Kubut;LAIN-LAIN;PCS;0;1;2;NON AC;
OTH-00125;Kunci L Lobang (t27);LAIN-LAIN;PCS;0;1;1;NON AC;
OTH-00126;Kunci L Lobang (t30);LAIN-LAIN;PCS;0;1;1;NON AC;
OTH-00127;Kunci L Lobang (t40);LAIN-LAIN;PCS;0;1;1;NON AC;
OTH-00128;Kunci Ring Pas 16mm;LAIN-LAIN;PCS;1;2;0;NON AC;
OTH-00129;Linggis;LAIN-LAIN;PCS;0;1;2;NON AC;
OTH-00130;Lance F/10001896;LAIN-LAIN;CAR;0;1;1;NON AC;
OTH-00131;Meteran 3mtr;LAIN-LAIN;PCS;0;1;2;NON AC;
OTH-00132;Mata Gergaji;LAIN-LAIN;PCS;1;3;12;NON AC;
OTH-00133;Meteran 5mtr;LAIN-LAIN;PCS;0;1;2;NON AC;
OTH-00134;"Multi Cutter 4""";LAIN-LAIN;PCS;0;1;1;NON AC;
OTH-00135;Mata Jig Saw;LAIN-LAIN;PCS;2;5;0;NON AC;
OTH-00136;"Obeng Bolak Balik 6""";LAIN-LAIN;PCS;0;1;2;NON AC;
OTH-00137;Obeng Listrik (-) 6;LAIN-LAIN;PCS;0;1;1;NON AC;
OTH-00138;Obeng Presisi Set 30pcs;LAIN-LAIN;SET;1;3;1;NON AC;
OTH-00139;Packing Tba 0.8;LAIN-LAIN;MTR;0;1;2;NON AC;
CBL-00009;Penarik Kabel/kabel Puller 2ton;CABLE;PCS;1;2;1;NON AC;
OTH-00140;"Roda Pu Merah 4""";LAIN-LAIN;SET;0;1;2;NON AC;
OTH-00141;Roda Karet 6 Hidup;LAIN-LAIN;PCS;0;1;6;NON AC;
OTH-00142;"Roda Karet 5"" M/r";LAIN-LAIN;SET;0;1;1;NON AC;
OTH-00143;"Roda Pu Merah Velg Besi 6"" Hidup";LAIN-LAIN;PCS;0;1;2;NON AC;
OTH-00144;"Roda Pu Merah Velg Besi 6"" Mati";LAIN-LAIN;PCS;0;1;2;NON AC;
OTH-00145;"Roda Pu Orange Velg Pvc 6""";LAIN-LAIN;SET;0;1;5;NON AC;
OTH-00146;"Roda Karet 4"" Hidup";LAIN-LAIN;PCS;0;1;20;NON AC;
OTH-00147;"Roda Karet 4"" Mati";LAIN-LAIN;PCS;0;1;30;NON AC;
OTH-00148;"Roda Pu 4"" Hijau Mati";LAIN-LAIN;PCS;0;1;4;NON AC;
OTH-00149;"Roda Karet 8"" (h Duty Corrugated) Mati";LAIN-LAIN;PCS;0;1;4;NON AC;
OTH-00150;"Roda Karet 8"" (h Duty Corrugated) Hidup";LAIN-LAIN;PCS;0;1;4;NON AC;
OTH-00151;"Roda Karet 4"" Hidup+rem";LAIN-LAIN;PCS;0;1;30;NON AC;
OTH-00152;"Roda Karet 6"" Mati";LAIN-LAIN;PCS;0;1;2;NON AC;
OTH-00153;"Roda Pu Orange 6"" Mati";LAIN-LAIN;PCS;0;1;4;NON AC;
OTH-00154;"Roda Pu Orange 6"" Hidup+rem";LAIN-LAIN;PCS;0;1;4;NON AC;
OTH-00155;"Roda Pu 5"" Abu2 Drat";LAIN-LAIN;SET;0;1;1;NON AC;
OTH-00156;"Roda Pu Coklat 3"" Mati";LAIN-LAIN;PCS;1;3;6;NON AC;
OTH-00157;"Roda Pu Coklat 3"" Hidup+rem";LAIN-LAIN;PCS;1;3;4;NON AC;
OTH-00158;"Roda Pu Coklat 2"" Caster Hidup";LAIN-LAIN;PCS;0;1;82;NON AC;
OTH-00159;"Roda Pu Coklat 2"" Caster Mati";LAIN-LAIN;PCS;0;1;62;NON AC;
OTH-00160;"Roda Pu Coklat 2"" Caster Hidup+rem";LAIN-LAIN;PCS;0;1;56;NON AC;
OTH-00161;"Roda Pu 10"" Mati";LAIN-LAIN;PCS;0;1;24;NON AC;
OTH-00162;"Roda Pu 10"" Hidup+rem";LAIN-LAIN;PCS;0;1;24;NON AC;
OTH-00163;"Roda Pu 5"" Abu2";LAIN-LAIN;PCS;0;1;4;NON AC;
OTH-00164;"Roda Pu 3"" Hidup";LAIN-LAIN;PCS;0;1;2;NON AC;
OTH-00165;Sikat Baja Bulat;LAIN-LAIN;PCS;0;1;5;NON AC;
OTH-00166;Sponge Poles 4;LAIN-LAIN;PCS;0;1;10;NON AC;
SAF-00004;Sarung Tangan Benang;SAFETY/EQUIPMENT;SET;2;5;33;NON AC;
OTH-00167;Sikat Baja (steel) Kinik;LAIN-LAIN;PCS;2;5;19;NON AC;
OTH-00168;Sedotan Timah;LAIN-LAIN;PCS;0;1;1;NON AC;
WLD-00008;Stang Las 800a;WELDING;PCS;1;2;2;NON AC;
WLD-00009;Stang Las 600a;WELDING;PCS;1;2;2;NON AC;
OTH-00169;Sambungan Snai;LAIN-LAIN;PCS;0;1;1;NON AC;
OTH-00170;Stain Clean Picling (pembersih Las);LAIN-LAIN;KLG;0;1;1;NON AC;
OTH-00171;C/g Back Support Belt Size Xl (sabuk Pinggang);LAIN-LAIN;PCS;0;1;1;NON AC;
OTH-00172;C/g Back Support Belt Size L (sabuk Pinggang);LAIN-LAIN;PCS;0;1;1;NON AC;
OTH-00173;C/g Back Support Belt Size Xxl (sabuk Pinggang);LAIN-LAIN;PCS;0;1;1;NON AC;
OTH-00174;Stang Tap;LAIN-LAIN;PCS;0;1;1;NON AC;
OTH-00175;Timah Solder;LAIN-LAIN;PCS;0;1;3;NON AC;
OTH-00176;Tungsten Electrode 1.6mm;LAIN-LAIN;PCS;3;7;0;NON AC;
PAD-00035;Tembak Silicone;PAINT/ADHESIVE;PCS;1;3;1;NON AC;
OTH-00177;Tool Box;LAIN-LAIN;PCS;2;5;0;NON AC;
FLT-00187;Taishan Filter 1744 3m;FILTER;PCS;2;4;1;NON AC;
OTH-00178;Wd-40;LAIN-LAIN;KLG;1;3;0;NON AC;
GEN-00008;Wd 40/dressing 360ml;GENERAL/INVENTORY;PCS;0;1;9;NON AC;
GAS-00018;Welding Regulator Argon Kdk Yamato Yr-78;GAS;PCS;1;2;1;NON AC;
OTH-00179;Olie Tellus (hydrolic) Sae 10;LAIN-LAIN;L;0;1;25;NON AC;
